"31/12/2023;PLANTACAO;OFERTAS;ENTRADAS;ORDINÁRIO;REALIZADO;Ofertas Regulares;1E-20"
"01/01/2024;PLANTACAO;OFERTAS;ENTRADAS;ORDINÁRIO;REALIZADO;Ofertas Regulares;10"
"19/01/2024;PLANTACAO;OFERTAS;ENTRADAS;ORDINÁRIO;REALIZADO;Ofertas Regulares;200"
"29/01/2024;PLANTACAO;ALUGUEL;ENTRADAS;EXTRAORDINÁRIO;REALIZADO;Oferta Exclusiva para pagamento de Aluguel;2000"
"29/01/2024;PLANTACAO;ALUGUEL;SAÍDAS;ORDINÁRIO;REALIZADO;ALUGUEL HOTEL COSTA NORTE - FEVEREIRO/24;-2000"
"31/01/2024;PLANTACAO;IBNT;ENTRADAS;EXTRAORDINÁRIO;REALIZADO;ACUMULADO DE 8 MESES;20000"
"01/02/2024;PLANTACAO;OFERTAS;ENTRADAS;ORDINÁRIO;REALIZADO;Ofertas Regulares;600"
"05/02/2024;PLANTACAO;IBNT;ENTRADAS;EXTRAORDINÁRIO;REALIZADO;Oferta vinda de membros da IBNT;3000"
"07/02/2024;PLANTACAO;OFERTAS;ENTRADAS;ORDINÁRIO;REALIZADO;Ofertas Regulares;936.25"
"08/02/2024;PLANTACAO;OFERTAS;ENTRADAS;ORDINÁRIO;REALIZADO;Ofertas Regulares;500.01"
"09/02/2024;PLANTACAO;BOAS VINDAS;SAÍDAS;ORDINÁRIO;REALIZADO;GARRAFA DE CAFÉ;-115.9"
"09/02/2024;PLANTACAO;BOAS VINDAS;SAÍDAS;ORDINÁRIO;REALIZADO;SUPRIMENTOS PARA CAFÉ;-107.95"
"09/02/2024;PLANTACAO;INFANTIL;SAÍDAS;ORDINÁRIO;REALIZADO;MATERIAIS INICIAIS (LÁPIS, CAIXA, TOALHA, ETC);-185.49"
"10/02/2024;PLANTACAO;COMUNICAÇÃO;SAÍDAS;ORDINÁRIO;REALIZADO;1000 FLYERS PARA DIVULGAÇÃO DA IGREJA;-112"
"14/02/2024;PLANTACAO;OFERTAS;ENTRADAS;ORDINÁRIO;REALIZADO;Ofertas Regulares;493.67"
"20/02/2024;PLANTACAO;ALUGUEL;ENTRADAS;EXTRAORDINÁRIO;REALIZADO;Oferta Exclusiva para pagamento de Aluguel;2000"
"21/02/2024;PLANTACAO;OFERTAS;ENTRADAS;ORDINÁRIO;REALIZADO;Ofertas Regulares;1430"
"28/02/2024;PLANTACAO;ALUGUEL;SAÍDAS;ORDINÁRIO;REALIZADO;ALUGUEL HOTEL COSTA NORTE - MARÇO/24;-2000"
"28/02/2024;PLANTACAO;OFERTAS;ENTRADAS;ORDINÁRIO;REALIZADO;Ofertas Regulares;560"
"29/02/2024;PLANTACAO;COMUNICAÇÃO;SAÍDAS;ORDINÁRIO;REALIZADO;WIND FLAG;-193.5"
"01/03/2024;PLANTACAO;IBNT;ENTRADAS;EXTRAORDINÁRIO;REALIZADO;Oferta vinda de membros da IBNT;3000"
"02/03/2024;PLANTACAO;OFERTAS;ENTRADAS;ORDINÁRIO;REALIZADO;Ofertas Regulares;400"
"06/03/2024;PLANTACAO;OFERTAS;ENTRADAS;ORDINÁRIO;REALIZADO;Ofertas Regulares;1375"
"13/03/2024;PLANTACAO;OFERTAS;ENTRADAS;ORDINÁRIO;REALIZADO;Ofertas Regulares;830.2"
"18/03/2024;PLANTACAO;INFANTIL;SAÍDAS;ORDINÁRIO;REALIZADO;2 CX ORGANIZADORAS + 1 PAPEL SULFITE;-132.88"
"20/03/2024;PLANTACAO;OFERTAS;ENTRADAS;ORDINÁRIO;REALIZADO;Ofertas Regulares;1050"
"23/03/2024;PLANTACAO;CAPACITAÇÃO;SAÍDAS;EXTRAORDINÁRIO;REALIZADO;CURSO PARA A DANI;-30"
"26/03/2024;PLANTACAO;ALUGUEL;ENTRADAS;EXTRAORDINÁRIO;REALIZADO;Oferta Exclusiva para pagamento de Aluguel;2000"
"26/03/2024;PLANTACAO;ALUGUEL;SAÍDAS;ORDINÁRIO;REALIZADO;ALUGUEL HOTEL COSTA NORTE - ABRIL/24;-2000"
"27/03/2024;PLANTACAO;OFERTAS;ENTRADAS;ORDINÁRIO;REALIZADO;Ofertas Regulares;1132"
"01/04/2024;PLANTACAO;ESTACIONAMENTO;SAÍDAS;ORDINÁRIO;REALIZADO;1 CX ORGANIZADORA;-49.98"
"01/04/2024;PLANTACAO;IBNT;ENTRADAS;EXTRAORDINÁRIO;REALIZADO;Oferta vinda de membros da IBNT;3000"
"03/04/2024;PLANTACAO;OFERTAS;ENTRADAS;ORDINÁRIO;REALIZADO;Ofertas Regulares;702"
"10/04/2024;PLANTACAO;OFERTAS;ENTRADAS;ORDINÁRIO;REALIZADO;Ofertas Regulares;1815.25"
"17/04/2024;PLANTACAO;OFERTAS;ENTRADAS;ORDINÁRIO;REALIZADO;Ofertas Regulares;1040"
"19/04/2024;PLANTACAO;ALUGUEL;ENTRADAS;EXTRAORDINÁRIO;REALIZADO;Oferta Exclusiva para pagamento de Aluguel;2500"
"22/04/2024;PLANTACAO;ALUGUEL;SAÍDAS;ORDINÁRIO;REALIZADO;ALUGUEL HOTEL COSTA NORTE - MAIO/24;-2500"
"24/04/2024;PLANTACAO;OFERTAS;ENTRADAS;ORDINÁRIO;REALIZADO;Ofertas Regulares;370"
"01/05/2024;PLANTACAO;IBNT;ENTRADAS;EXTRAORDINÁRIO;REALIZADO;Oferta vinda de membros da IBNT;3000"
"01/05/2024;PLANTACAO;OFERTAS;ENTRADAS;ORDINÁRIO;REALIZADO;Ofertas Regulares;1471"
"08/05/2024;PLANTACAO;OFERTAS;ENTRADAS;ORDINÁRIO;REALIZADO;Ofertas Regulares;893.7"
"14/05/2024;PLANTACAO;BOAS VINDAS;SAÍDAS;ORDINÁRIO;REALIZADO;SUPRIMENTOS PARA CAFÉ;-53.87"
"15/05/2024;PLANTACAO;OFERTAS;ENTRADAS;ORDINÁRIO;REALIZADO;Ofertas Regulares;820"
"20/05/2024;PLANTACAO;ALUGUEL;ENTRADAS;EXTRAORDINÁRIO;REALIZADO;Oferta Exclusiva para pagamento de Aluguel;2000"
"22/05/2024;PLANTACAO;OFERTAS;ENTRADAS;ORDINÁRIO;REALIZADO;Ofertas Regulares;1110"
"28/05/2024;PLANTACAO;ALUGUEL;SAÍDAS;ORDINÁRIO;REALIZADO;ALUGUEL HOTEL COSTA NORTE - JUNHO/24;-2000"
"29/05/2024;PLANTACAO;BOAS VINDAS;SAÍDAS;ORDINÁRIO;REALIZADO;CAFÉ;-35.76"
"29/05/2024;PLANTACAO;OFERTAS;ENTRADAS;EXTRAORDINÁRIO;REALIZADO;OFERTA SUBMERSO - MÁRCIO GARCIA;1000"
"29/05/2024;PLANTACAO;OFERTAS;ENTRADAS;ORDINÁRIO;REALIZADO;Ofertas Regulares;850"
"01/06/2024;PLANTACAO;IBNT;ENTRADAS;EXTRAORDINÁRIO;REALIZADO;Oferta vinda de membros da IBNT;3000"
"03/06/2024;PLANTACAO;OFERTAS;ENTRADAS;ORDINÁRIO;REALIZADO;Ofertas Regulares;658.37"
"05/06/2024;PLANTACAO;OFERTAS;ENTRADAS;ORDINÁRIO;REALIZADO;Ofertas Regulares;1000"
"12/06/2024;PLANTACAO;OFERTAS;ENTRADAS;ORDINÁRIO;REALIZADO;Ofertas Regulares;1210"
"16/06/2024;PLANTACAO;OFERTAS;ENTRADAS;ORDINÁRIO;REALIZADO;Ofertas Regulares;200"
"19/06/2024;PLANTACAO;OFERTAS;ENTRADAS;ORDINÁRIO;REALIZADO;Ofertas Regulares;415"
"22/06/2024;PLANTACAO;ALUGUEL;ENTRADAS;EXTRAORDINÁRIO;REALIZADO;Oferta Exclusiva para pagamento de Aluguel;2000"
"25/06/2024;PLANTACAO;ALUGUEL;SAÍDAS;ORDINÁRIO;REALIZADO;Aluguel Auditório Hotel Costa Norte;-2500"
"26/06/2024;PLANTACAO;OFERTAS;ENTRADAS;ORDINÁRIO;REALIZADO;Ofertas Regulares;1111"
"01/07/2024;PLANTACAO;IBNT;ENTRADAS;EXTRAORDINÁRIO;REALIZADO;Oferta vinda de membros da IBNT;3000"
"03/07/2024;PLANTACAO;OFERTAS;ENTRADAS;ORDINÁRIO;REALIZADO;Ofertas Regulares;565"
"10/07/2024;PLANTACAO;OFERTAS;ENTRADAS;ORDINÁRIO;REALIZADO;Ofertas Regulares;2005"
"17/07/2024;PLANTACAO;OFERTAS;ENTRADAS;ORDINÁRIO;REALIZADO;Ofertas Regulares;1170"
"22/07/2024;PLANTACAO;ALUGUEL;ENTRADAS;EXTRAORDINÁRIO;REALIZADO;Oferta Exclusiva para pagamento de Aluguel;2000"
"24/07/2024;PLANTACAO;OFERTAS;ENTRADAS;ORDINÁRIO;REALIZADO;Ofertas Regulares;620"
"27/07/2024;PLANTACAO;OFERTAS;ENTRADAS;ORDINÁRIO;REALIZADO;Ofertas Regulares;1E-30"
"29/07/2024;PLANTACAO;EVENTOS;SAÍDAS;EXTRAORDINÁRIO;REALIZADO;DESCARTÁVEIS PARA CAFÉ DA MANHÃ;-31.36"
"30/07/2024;PLANTACAO;ALUGUEL;SAÍDAS;ORDINÁRIO;REALIZADO;Aluguel Auditório Hotel Costa Norte;-2000"
"31/07/2024;PLANTACAO;OFERTAS;ENTRADAS;ORDINÁRIO;REALIZADO;Ofertas Regulares;972"
"01/08/2024;PLANTACAO;IBNT;ENTRADAS;EXTRAORDINÁRIO;REALIZADO;Oferta vinda de membros da IBNT;3000"
"07/08/2024;PLANTACAO;OFERTAS;ENTRADAS;ORDINÁRIO;REALIZADO;Ofertas Regulares;2290"
"14/08/2024;PLANTACAO;OFERTAS;ENTRADAS;ORDINÁRIO;REALIZADO;Ofertas Regulares;413.3"
"21/08/2024;PLANTACAO;OFERTAS;ENTRADAS;ORDINÁRIO;REALIZADO;Ofertas Regulares;1340"
"23/08/2024;PLANTACAO;ALUGUEL;ENTRADAS;EXTRAORDINÁRIO;REALIZADO;Oferta Exclusiva para pagamento de Aluguel;2000"
"26/08/2024;PLANTACAO;ALUGUEL;SAÍDAS;ORDINÁRIO;REALIZADO;Aluguel Auditório Hotel Costa Norte;-2000"
"28/08/2024;PLANTACAO;OFERTAS;ENTRADAS;ORDINÁRIO;REALIZADO;Ofertas Regulares;750"
"01/09/2024;PLANTACAO;IBNT;ENTRADAS;EXTRAORDINÁRIO;REALIZADO;Oferta vinda de membros da IBNT;3000"
"01/09/2024;PLANTACAO;OFERTAS;ENTRADAS;ORDINÁRIO;REALIZADO;Ofertas Regulares;1300"
"02/09/2024;PLANTACAO;BOAS VINDAS;SAÍDAS;ORDINÁRIO;REALIZADO;SUPRIMENTOS PARA CAFÉ;-49.58"
"02/09/2024;PLANTACAO;MISSÕES;SAÍDAS;ORDINÁRIO;REALIZADO;Oferta Missionaria;-100"
"04/09/2024;PLANTACAO;OFERTAS;ENTRADAS;ORDINÁRIO;REALIZADO;Ofertas Regulares;2449"
"09/09/2024;PLANTACAO;EVENTOS;ENTRADAS;EXTRAORDINÁRIO;REALIZADO;Oferta Exclusiva para Eventos;100.01"
"10/09/2024;PLANTACAO;EVENTOS;ENTRADAS;EXTRAORDINÁRIO;REALIZADO;Oferta Exclusiva para Eventos;250.04"
"11/09/2024;PLANTACAO;OFERTAS;ENTRADAS;ORDINÁRIO;REALIZADO;Ofertas Regulares;555"
"16/09/2024;PLANTACAO;EVENTOS;ENTRADAS;EXTRAORDINÁRIO;REALIZADO;Oferta Exclusiva para Eventos;100.01"
"18/09/2024;PLANTACAO;OFERTAS;ENTRADAS;ORDINÁRIO;REALIZADO;Ofertas Regulares;1185"
"19/09/2024;PLANTACAO;EVENTOS;ENTRADAS;EXTRAORDINÁRIO;REALIZADO;Oferta Exclusiva para Eventos;120.02"
"20/09/2024;PLANTACAO;ALUGUEL;ENTRADAS;EXTRAORDINÁRIO;REALIZADO;Oferta Exclusiva para pagamento de Aluguel;2500"
"25/09/2024;PLANTACAO;OFERTAS;ENTRADAS;ORDINÁRIO;REALIZADO;Ofertas Regulares;2050"
"26/09/2024;PLANTACAO;ALUGUEL;SAÍDAS;ORDINÁRIO;REALIZADO;Aluguel Auditório Hotel Costa Norte;-2500"
"26/09/2024;PLANTACAO;COMUNICAÇÃO;SAÍDAS;ORDINÁRIO;REALIZADO;CÂMERA PROFISSIONAL COM LENTE;-4000"
"01/10/2024;PLANTACAO;IBNT;ENTRADAS;EXTRAORDINÁRIO;REALIZADO;Oferta vinda de membros da IBNT;3000"
"01/10/2024;PLANTACAO;MISSÕES;SAÍDAS;ORDINÁRIO;REALIZADO;Oferta Missionaria;-100"
"02/10/2024;IBNT;FINANCEIRO;ENTRE CONTAS;ORDINÁRIO;REALIZADO;;83160"
"02/10/2024;PLANTACAO;FINANCEIRO;ENTRE CONTAS;ORDINÁRIO;REALIZADO;;-83160"
"02/10/2024;PLANTACAO;OFERTAS;ENTRADAS;ORDINÁRIO;REALIZADO;Ofertas Regulares;615"
"02/10/2024;SUBMERSO;OFERTAS;ENTRADAS;ORDINÁRIO;REALIZADO;Ofertas Regulares;511.27"
"08/10/2024;SUBMERSO;EVENTOS;ENTRADAS;EXTRAORDINÁRIO;REALIZADO;Oferta Exclusiva para Eventos;250"
"09/10/2024;PLANTACAO;EVENTOS;SAÍDAS;EXTRAORDINÁRIO;REALIZADO;IMPRESSÃO FLYERS PARA DIA DAS CRIANÇAS;-25"
"09/10/2024;PLANTACAO;FINANCEIRO;SAÍDAS;ORDINÁRIO;REALIZADO;ABERTURA DE CNPJ;-600"
"09/10/2024;SUBMERSO;OFERTAS;ENTRADAS;ORDINÁRIO;REALIZADO;Ofertas Regulares;2944.99"
"12/10/2024;PLANTACAO;EVENTOS;SAÍDAS;EXTRAORDINÁRIO;REALIZADO;ÁGUA E FÓSFORO;-45.96"
"12/10/2024;PLANTACAO;EVENTOS;SAÍDAS;EXTRAORDINÁRIO;REALIZADO;PIPOCA, SAL, ÓLEO E SUCO;-147.11"
"14/10/2024;PLANTACAO;INFANTIL;SAÍDAS;ORDINÁRIO;REALIZADO;LEMBRANCINHA PARA OS PROFESSORES;-67.5"
"16/10/2024;PLANTACAO;OFERTAS;ENTRADAS;ORDINÁRIO;REALIZADO;Ofertas Regulares;150"
"16/10/2024;SUBMERSO;OFERTAS;ENTRADAS;ORDINÁRIO;REALIZADO;Ofertas Regulares;280"
"21/10/2024;SUBMERSO;ALUGUEL;ENTRADAS;EXTRAORDINÁRIO;REALIZADO;Oferta Exclusiva para pagamento de Aluguel;2000"
"22/10/2024;SUBMERSO;EVENTOS;SAÍDAS;EXTRAORDINÁRIO;REALIZADO;AÇÃO SOCIAL E EVANGELISMO - REFRIGERANTES PARA DIA DAS CRIANÇAS NO GETUBA;-194.04"
"23/10/2024;PLANTACAO;OFERTAS;ENTRADAS;ORDINÁRIO;REALIZADO;Ofertas Regulares;190"
"23/10/2024;SUBMERSO;OFERTAS;ENTRADAS;ORDINÁRIO;REALIZADO;Ofertas Regulares;440"
"28/10/2024;SUBMERSO;ALUGUEL;SAÍDAS;ORDINÁRIO;REALIZADO;Aluguel Auditório Hotel Costa Norte;-2000"
"30/10/2024;PLANTACAO;FINANCEIRO;SAÍDAS;ORDINÁRIO;REALIZADO;RECONHECIMENTO DE FIRMA ESTATUTO;-96.46"
"30/10/2024;PLANTACAO;OFERTAS;ENTRADAS;ORDINÁRIO;REALIZADO;Ofertas Regulares;285"
"30/10/2024;SUBMERSO;OFERTAS;ENTRADAS;ORDINÁRIO;REALIZADO;Ofertas Regulares;300"
"04/11/2024;PLANTACAO;MISSÕES;SAÍDAS;ORDINÁRIO;REALIZADO;Oferta Missionaria;-100"
"06/11/2024;PLANTACAO;OFERTAS;ENTRADAS;ORDINÁRIO;REALIZADO;Ofertas Regulares;140"
"06/11/2024;SUBMERSO;OFERTAS;ENTRADAS;ORDINÁRIO;REALIZADO;Ofertas Regulares;2100"
"13/11/2024;PLANTACAO;OFERTAS;ENTRADAS;ORDINÁRIO;REALIZADO;Ofertas Regulares;200"
"13/11/2024;SUBMERSO;OFERTAS;ENTRADAS;ORDINÁRIO;REALIZADO;Ofertas Regulares;1370"
"14/11/2024;PLANTACAO;FINANCEIRO;SAÍDAS;ORDINÁRIO;REALIZADO;RECONHECIMENTO DE FIRMA ESTATUTO;-76.44"
"18/11/2024;PLANTACAO;FINANCEIRO;SAÍDAS;ORDINÁRIO;REALIZADO;TAXAS CARTORIAIS DE ABERTURA CNPJ;-336.54"
"20/11/2024;MPAGO;OFERTAS;ENTRADAS;ORDINÁRIO;REALIZADO;Ofertas Regulares;100"
"20/11/2024;PLANTACAO;OFERTAS;ENTRADAS;ORDINÁRIO;REALIZADO;Ofertas Regulares;50"
"20/11/2024;SUBMERSO;EVENTOS;ENTRADAS;EXTRAORDINÁRIO;REALIZADO;Oferta Exclusiva para Eventos;200.02"
"20/11/2024;SUBMERSO;OFERTAS;ENTRADAS;ORDINÁRIO;REALIZADO;Ofertas Regulares;1590"
"24/11/2024;SUBMERSO;EVENTOS;ENTRADAS;EXTRAORDINÁRIO;REALIZADO;Oferta Exclusiva para Eventos;265.08"
"25/11/2024;SUBMERSO;ALUGUEL;ENTRADAS;EXTRAORDINÁRIO;REALIZADO;Oferta Exclusiva para pagamento de Aluguel;1500"
"25/11/2024;SUBMERSO;ALUGUEL;SAÍDAS;ORDINÁRIO;REALIZADO;Aluguel Auditório Hotel Costa Norte;-1500"
"25/11/2024;SUBMERSO;IBNT;ENTRADAS;EXTRAORDINÁRIO;REALIZADO;Oferta vinda de membros da IBNT;3000"
"27/11/2024;MPAGO;OFERTAS;ENTRADAS;ORDINÁRIO;REALIZADO;Ofertas Regulares;272"
"27/11/2024;PLANTACAO;OFERTAS;ENTRADAS;ORDINÁRIO;REALIZADO;Ofertas Regulares;50"
"27/11/2024;SUBMERSO;EVENTOS;ENTRADAS;EXTRAORDINÁRIO;REALIZADO;Oferta Exclusiva para Eventos;645.07"
"27/11/2024;SUBMERSO;OFERTAS;ENTRADAS;ORDINÁRIO;REALIZADO;Ofertas Regulares;150"
"29/11/2024;MPAGO;FINANCEIRO;SAÍDAS;ORDINÁRIO;REALIZADO;ABERTURA DE CNPJ;-600"
"29/11/2024;MPAGO;FINANCEIRO;SAÍDAS;ORDINÁRIO;REALIZADO;CRIAÇÃO DE CERTIFICADO DIGITAL;-190"
"01/12/2024;MPAGO;FINANCEIRO;SAÍDAS;ORDINÁRIO;REALIZADO;Serviços Contabeis;-400"
"01/12/2024;SUBMERSO;EVENTOS;ENTRADAS;EXTRAORDINÁRIO;REALIZADO;Oferta Exclusiva para Eventos;765.07"
"02/12/2024;MPAGO;MISSÕES;SAÍDAS;ORDINÁRIO;REALIZADO;Oferta Missionaria;-100"
"02/12/2024;SUBMERSO;IBNT;ENTRADAS;EXTRAORDINÁRIO;REALIZADO;Oferta vinda de membros da IBNT;3000"
"04/12/2024;MPAGO;OFERTAS;ENTRADAS;ORDINÁRIO;REALIZADO;Ofertas Regulares;350"
"05/12/2024;MPAGO;COMUNICAÇÃO;SAÍDAS;ORDINÁRIO;REALIZADO;REGISTRO DO DOMÍNIO IBNORTE.COM.BR;-40"
"07/12/2024;SUBMERSO;OFERTAS;ENTRADAS;ORDINÁRIO;REALIZADO;Ofertas Regulares;250"
"08/12/2024;SUBMERSO;EVENTOS;ENTRADAS;EXTRAORDINÁRIO;REALIZADO;Oferta Exclusiva para Eventos;955.18"
"10/12/2024;SUBMERSO;OFERTAS;ENTRADAS;ORDINÁRIO;REALIZADO;Ofertas Regulares;500"
"11/12/2024;MPAGO;OFERTAS;ENTRADAS;ORDINÁRIO;REALIZADO;Ofertas Regulares;155"
"11/12/2024;PLANTACAO;OFERTAS;ENTRADAS;ORDINÁRIO;REALIZADO;Ofertas Regulares;50"
"11/12/2024;SUBMERSO;OFERTAS;ENTRADAS;ORDINÁRIO;REALIZADO;Ofertas Regulares;840"
"13/12/2024;MPAGO;EVENTOS;SAÍDAS;EXTRAORDINÁRIO;REALIZADO;200 Cxs De Massinha De Modelar Atacado (Reembolso para Paulo Vitor);-345"
"13/12/2024;MPAGO;EVENTOS;SAÍDAS;EXTRAORDINÁRIO;REALIZADO;500 Cortadores De Massinhas De Modelar (Reembolso para Paulo Vitor);-299.14"
"13/12/2024;SUBMERSO;EVENTOS;ENTRADAS;EXTRAORDINÁRIO;REALIZADO;Oferta Exclusiva para Eventos;195.04"
"15/12/2024;MPAGO;EVENTOS;SAÍDAS;EXTRAORDINÁRIO;REALIZADO;Doces, pipocas, etc. (Reembolso para Samantha);-620.67"
"16/12/2024;AP.MPAGO;FINANCEIRO;ENTRE CONTAS;ORDINÁRIO;REALIZADO;;18000"
"16/12/2024;MPAGO;FINANCEIRO;ENTRE CONTAS;ORDINÁRIO;REALIZADO;;-18000"
"16/12/2024;MPAGO;LOUVOR;SAÍDAS;ORDINÁRIO;REALIZADO;02 PEDESTAIS;-556"
"16/12/2024;MPAGO;LOUVOR;SAÍDAS;ORDINÁRIO;REALIZADO;10 MÚSICAS NO MULTITRACKS;-580.2"
"17/12/2024;MPAGO;EVENTOS;SAÍDAS;EXTRAORDINÁRIO;REALIZADO;Copos, saquinhos, chiclete, etc.;-71.62"
"17/12/2024;MPAGO;EVENTOS;SAÍDAS;EXTRAORDINÁRIO;REALIZADO;Milho de pipoca, saquinhos, óleo e caixa;-110.07"
"18/12/2024;MPAGO;OFERTAS;ENTRADAS;ORDINÁRIO;REALIZADO;Ofertas Regulares;350"
"18/12/2024;SUBMERSO;OFERTAS;ENTRADAS;ORDINÁRIO;REALIZADO;Ofertas Regulares;1350.73"
"19/12/2024;MPAGO;EVENTOS;SAÍDAS;EXTRAORDINÁRIO;REALIZADO;Post impulsionado divulgação do natal na praça (Reembolso para Samantha);-96"
"20/12/2024;SUBMERSO;ALUGUEL;ENTRADAS;EXTRAORDINÁRIO;REALIZADO;Oferta Exclusiva para pagamento de Aluguel;2500"
"20/12/2024;SUBMERSO;OFERTAS;ENTRADAS;ORDINÁRIO;REALIZADO;Ofertas Regulares;500"
"23/12/2024;MPAGO;ALUGUEL;SAÍDAS;ORDINÁRIO;REALIZADO;Aluguel Auditório Hotel Costa Norte;-2000"
"23/12/2024;MPAGO;EVENTOS;SAÍDAS;EXTRAORDINÁRIO;REALIZADO;Compras para uma família que visitou a praça (Márcio e Damaris entregaram);-347.98"
"23/12/2024;SUBMERSO;OFERTAS;ENTRADAS;ORDINÁRIO;REALIZADO;Ofertas Regulares;440"
"31/12/2024;AP.MPAGO;FINANCEIRO;ENTRADAS;EXTRAORDINÁRIO;REALIZADO;Rendimento Aplicação;31.84"
"31/12/2024;MPAGO;FINANCEIRO;ENTRE CONTAS;ORDINÁRIO;REALIZADO;;25842.96"
"31/12/2024;PLANTACAO;FINANCEIRO;ENTRE CONTAS;ORDINÁRIO;REALIZADO;;-694.55"
"31/12/2024;SUBMERSO;FINANCEIRO;ENTRE CONTAS;ORDINÁRIO;REALIZADO;;-25148.41"
"01/01/2025;MPAGO;FINANCEIRO;SAÍDAS;ORDINÁRIO;REALIZADO;Serviços Contabeis;-400"
"02/01/2025;AP.SICREDI;FINANCEIRO;ENTRE CONTAS;ORDINÁRIO;REALIZADO;;80000"
"02/01/2025;IBNT;FINANCEIRO;ENTRE CONTAS;ORDINÁRIO;REALIZADO;;-83160"
"02/01/2025;MPAGO;MISSÕES;SAÍDAS;ORDINÁRIO;REALIZADO;Oferta Missionaria;-100"
"02/01/2025;SICREDI;FINANCEIRO;ENTRE CONTAS;ORDINÁRIO;REALIZADO;;3160"
"03/01/2025;SICREDI;FINANCEIRO;SAÍDAS;ORDINÁRIO;REALIZADO;Integralização do capital social no Sicredi;-100"
"08/01/2025;AP.MPAGO;FINANCEIRO;ENTRADAS;EXTRAORDINÁRIO;REALIZADO;Rendimento Aplicação;38.29"
"08/01/2025;AP.SICREDI;FINANCEIRO;ENTRADAS;EXTRAORDINÁRIO;REALIZADO;Rendimento Aplicação;167.62"
"08/01/2025;MPAGO;OFERTAS;ENTRADAS;ORDINÁRIO;REALIZADO;Ofertas Regulares;400.75"
"08/01/2025;MPAGO;SOCIAL;ENTRADAS;EXTRAORDINÁRIO;REALIZADO;Oferta para Apoio Social;400.01"
"08/01/2025;SICREDI;MISSÕES;SAÍDAS;EXTRAORDINÁRIO;REALIZADO;ALUGUEL AUDITÓRIO+QUARTO PARA ANIVERSÁRIO DA MISSÃO NO DIA 08/02/25;-750"
"08/01/2025;SICREDI;OFERTAS;ENTRADAS;ORDINÁRIO;REALIZADO;Ofertas Regulares;2945.11"
"13/01/2025;SICREDI;IBNT;ENTRADAS;EXTRAORDINÁRIO;REALIZADO;Oferta vinda de membros da IBNT;3000"
"15/01/2025;MPAGO;OFERTAS;ENTRADAS;ORDINÁRIO;REALIZADO;Ofertas Regulares;237"
"15/01/2025;SICREDI;OFERTAS;ENTRADAS;ORDINÁRIO;REALIZADO;Ofertas Regulares;960"
"20/01/2025;SICREDI;ALUGUEL;ENTRADAS;EXTRAORDINÁRIO;REALIZADO;Oferta Exclusiva para pagamento de Aluguel;2000"
"20/01/2025;SICREDI;FINANCEIRO;SAÍDAS;ORDINÁRIO;REALIZADO;CESTA SICREDI;-74.25"
"22/01/2025;MPAGO;OFERTAS;ENTRADAS;ORDINÁRIO;REALIZADO;Ofertas Regulares;220"
"22/01/2025;SICREDI;OFERTAS;ENTRADAS;ORDINÁRIO;REALIZADO;Ofertas Regulares;740"
"23/01/2025;SICREDI;CAPACITAÇÃO;SAÍDAS;EXTRAORDINÁRIO;REALIZADO;INGRESSO DO CONCRESSO;-100"
"28/01/2025;SICREDI;ALUGUEL;SAÍDAS;ORDINÁRIO;REALIZADO;Aluguel Auditório Hotel Costa Norte;-2000"
"29/01/2025;MPAGO;OFERTAS;ENTRADAS;ORDINÁRIO;REALIZADO;Ofertas Regulares;370"
"29/01/2025;SICREDI;FINANCEIRO;SAÍDAS;ORDINÁRIO;REALIZADO;Serviços Contabeis;-400"
"29/01/2025;SICREDI;OFERTAS;ENTRADAS;ORDINÁRIO;REALIZADO;Ofertas Regulares;792.9"
"30/01/2025;AP.MPAGO;FINANCEIRO;ENTRADAS;EXTRAORDINÁRIO;REALIZADO;Rendimento Aplicação;130.91"
"30/01/2025;AP.SICREDI;FINANCEIRO;ENTRADAS;EXTRAORDINÁRIO;REALIZADO;Rendimento Aplicação;577.800000000005"
"01/02/2025;AP.SICREDI;FINANCEIRO;ENTRADAS;EXTRAORDINÁRIO;REALIZADO;Rendimento Aplicação;109.33"
"03/02/2025;MPAGO;MISSÕES;SAÍDAS;EXTRAORDINÁRIO;REALIZADO;DESLOCAMENTO JOÃO E DENISE;-500"
"03/02/2025;MPAGO;MISSÕES;SAÍDAS;ORDINÁRIO;REALIZADO;Oferta Missionaria;-100"
"05/02/2025;MPAGO;BOAS VINDAS;SAÍDAS;ORDINÁRIO;REALIZADO;CAFÉ;-46.36"
"05/02/2025;MPAGO;OFERTAS;ENTRADAS;ORDINÁRIO;REALIZADO;Ofertas Regulares;64"
"05/02/2025;SICREDI;OFERTAS;ENTRADAS;ORDINÁRIO;REALIZADO;Ofertas Regulares;1429"
"06/02/2025;SICREDI;MISSÕES;SAÍDAS;EXTRAORDINÁRIO;REALIZADO;SALGADOS;-136"
"07/02/2025;SICREDI;MISSÕES;SAÍDAS;EXTRAORDINÁRIO;REALIZADO;GELO;-30"
"07/02/2025;SICREDI;MISSÕES;SAÍDAS;EXTRAORDINÁRIO;REALIZADO;ITENS PARA CESTAS DOS PRELETORES;-168.72"
"07/02/2025;SICREDI;MISSÕES;SAÍDAS;EXTRAORDINÁRIO;REALIZADO;REFRIGERANTES E SUCOS;-121.62"
"07/02/2025;SICREDI;MISSÕES;SAÍDAS;EXTRAORDINÁRIO;REALIZADO;TESOURA, COLA, ETC. - ITENS CULTO INFANTIL ;-42.8"
"08/02/2025;SICREDI;MISSÕES;SAÍDAS;EXTRAORDINÁRIO;REALIZADO;SALGADOS;-136"
"10/02/2025;SICREDI;FINANCEIRO;SAÍDAS;ORDINÁRIO;REALIZADO;Integralização do capital social no Sicredi;-100"
"10/02/2025;SICREDI;OFERTAS;ENTRADAS;ORDINÁRIO;REALIZADO;Ofertas Regulares;190"
"12/02/2025;MPAGO;OFERTAS;ENTRADAS;ORDINÁRIO;REALIZADO;Ofertas Regulares;652"
"12/02/2025;SICREDI;OFERTAS;ENTRADAS;ORDINÁRIO;REALIZADO;Ofertas Regulares;1080"
"17/02/2025;AP.SICREDI;FINANCEIRO;ENTRE CONTAS;ORDINÁRIO;REALIZADO;;10000"
"17/02/2025;SICREDI;FINANCEIRO;ENTRE CONTAS;ORDINÁRIO;REALIZADO;;-10000"
"19/02/2025;SICREDI;OFERTAS;ENTRADAS;ORDINÁRIO;REALIZADO;Ofertas Regulares;780"
"20/02/2025;SICREDI;ALUGUEL;ENTRADAS;EXTRAORDINÁRIO;REALIZADO;Oferta Exclusiva para pagamento de Aluguel;2000"
"20/02/2025;SICREDI;FINANCEIRO;SAÍDAS;ORDINÁRIO;REALIZADO;CESTA SICREDI;-74.25"
"20/02/2025;SICREDI;LOUVOR;SAÍDAS;ORDINÁRIO;REALIZADO;CORDAS E PALHETAS VIOLÃO;-295"
"21/02/2025;AP.SICREDI;FINANCEIRO;ENTRADAS;EXTRAORDINÁRIO;REALIZADO;Rendimento Aplicação;420.2"
"21/02/2025;SICREDI;IBNT;ENTRADAS;EXTRAORDINÁRIO;REALIZADO;Oferta vinda de membros da IBNT;3000"
"24/02/2025;SICREDI;ALUGUEL;SAÍDAS;ORDINÁRIO;REALIZADO;Aluguel Auditório Hotel Costa Norte;-2000"
"26/02/2025;MPAGO;OFERTAS;ENTRADAS;ORDINÁRIO;REALIZADO;Ofertas Regulares;200"
"26/02/2025;SICREDI;OFERTAS;ENTRADAS;ORDINÁRIO;REALIZADO;Ofertas Regulares;800"
"28/02/2025;AP.MPAGO;FINANCEIRO;ENTRADAS;EXTRAORDINÁRIO;REALIZADO;Rendimento Aplicação;111.64"
"28/02/2025;AP.SICREDI;FINANCEIRO;ENTRADAS;EXTRAORDINÁRIO;REALIZADO;Rendimento Aplicação;247.35"
"28/02/2025;SICREDI;FINANCEIRO;SAÍDAS;ORDINÁRIO;REALIZADO;Serviços Contabeis;-400"
"05/03/2025;MPAGO;OFERTAS;ENTRADAS;ORDINÁRIO;REALIZADO;Ofertas Regulares;310.6"
"05/03/2025;SICREDI;OFERTAS;ENTRADAS;ORDINÁRIO;REALIZADO;Ofertas Regulares;1665.55"
"07/03/2025;AP.MPAGO;FINANCEIRO;ENTRADAS;EXTRAORDINÁRIO;REALIZADO;Rendimento Aplicação;21.04"
"07/03/2025;AP.MPAGO;FINANCEIRO;ENTRE CONTAS;ORDINÁRIO;REALIZADO;;4000"
"07/03/2025;AP.SICREDI;FINANCEIRO;ENTRADAS;EXTRAORDINÁRIO;REALIZADO;Rendimento Aplicação;82.59"
"07/03/2025;MPAGO;FINANCEIRO;ENTRE CONTAS;ORDINÁRIO;REALIZADO;;-4000"
"07/03/2025;MPAGO;MISSÕES;SAÍDAS;ORDINÁRIO;REALIZADO;Oferta Missionaria;-100"
"07/03/2025;SICREDI;IBNT;ENTRADAS;EXTRAORDINÁRIO;REALIZADO;Oferta vinda de membros da IBNT;3000"
"10/03/2025;SICREDI;FINANCEIRO;SAÍDAS;ORDINÁRIO;REALIZADO;Integralização do capital social no Sicredi;-100"
"12/03/2025;MPAGO;OFERTAS;ENTRADAS;ORDINÁRIO;REALIZADO;Ofertas Regulares;554"
"12/03/2025;SICREDI;OFERTAS;ENTRADAS;ORDINÁRIO;REALIZADO;Ofertas Regulares;1670"
"13/03/2025;AP.MPAGO;FINANCEIRO;ENTRADAS;EXTRAORDINÁRIO;REALIZADO;Rendimento Aplicação;34.1699999999983"
"13/03/2025;AP.SICREDI;FINANCEIRO;ENTRADAS;EXTRAORDINÁRIO;REALIZADO;Rendimento Aplicação;165.419999999998"
"19/03/2025;MPAGO;OFERTAS;ENTRADAS;ORDINÁRIO;REALIZADO;Ofertas Regulares;300"
"19/03/2025;SICREDI;ALUGUEL;ENTRADAS;EXTRAORDINÁRIO;REALIZADO;Oferta Exclusiva para pagamento de Aluguel;2500"
"19/03/2025;SICREDI;OFERTAS;ENTRADAS;ORDINÁRIO;REALIZADO;Ofertas Regulares;1081"
"20/03/2025;SICREDI;FINANCEIRO;SAÍDAS;ORDINÁRIO;REALIZADO;CESTA SICREDI;-74.25"
"23/03/2025;SICREDI;COMUNICAÇÃO;SAÍDAS;ORDINÁRIO;REALIZADO;ELABORAÇÃO DO ""MANUAL DA MARCA"";-1000"
"24/03/2025;SICREDI;ALUGUEL;SAÍDAS;ORDINÁRIO;REALIZADO;Aluguel Auditório Hotel Costa Norte;-2000"
"24/03/2025;SICREDI;COMUNICAÇÃO;SAÍDAS;ORDINÁRIO;REALIZADO;TRIPÉ DA CÂMERA;-135.9"
"24/03/2025;SICREDI;FINANCEIRO;SAÍDAS;ORDINÁRIO;REALIZADO;Serviços Contabeis;-400"
"26/03/2025;MPAGO;OFERTAS;ENTRADAS;ORDINÁRIO;REALIZADO;Ofertas Regulares;202"
"26/03/2025;SICREDI;OFERTAS;ENTRADAS;ORDINÁRIO;REALIZADO;Ofertas Regulares;2130"
"31/03/2025;AP.MPAGO;FINANCEIRO;ENTRADAS;EXTRAORDINÁRIO;REALIZADO;Rendimento Aplicação;107.22"
"31/03/2025;AP.SICREDI;FINANCEIRO;ENTRADAS;EXTRAORDINÁRIO;REALIZADO;Rendimento Aplicação;563.400000000002"
"01/04/2025;MPAGO;MISSÕES;SAÍDAS;ORDINÁRIO;REALIZADO;Oferta Missionaria;-100"
"01/04/2025;SICREDI;IBNT;ENTRADAS;EXTRAORDINÁRIO;REALIZADO;Oferta vinda de membros da IBNT;9108"
"02/04/2025;MPAGO;OFERTAS;ENTRADAS;ORDINÁRIO;REALIZADO;Ofertas Regulares;276"
"02/04/2025;SICREDI;OFERTAS;ENTRADAS;ORDINÁRIO;REALIZADO;Ofertas Regulares;1565"
"07/04/2025;SICREDI;OFERTAS;ENTRADAS;ORDINÁRIO;REALIZADO;Ofertas Regulares;800"
"08/04/2025;SICREDI;PREBENDA BRUTA;SAÍDAS;ORDINÁRIO;REALIZADO;Remuneração Pastoral;-9746.76"
"09/04/2025;MPAGO;OFERTAS;ENTRADAS;ORDINÁRIO;REALIZADO;Ofertas Regulares;556.35"
"09/04/2025;SICREDI;OFERTAS;ENTRADAS;ORDINÁRIO;REALIZADO;Ofertas Regulares;3648.88"
"10/04/2025;SICREDI;FINANCEIRO;SAÍDAS;ORDINÁRIO;REALIZADO;Integralização do capital social no Sicredi;-100"
"14/04/2025;SICREDI;PREBENDA BRUTA;SAÍDAS;ORDINÁRIO;REALIZADO;Remuneração Pastoral;-2245.44"
"16/04/2025;SICREDI;OFERTAS;ENTRADAS;ORDINÁRIO;REALIZADO;Ofertas Regulares;950"
"17/04/2025;SICREDI;ALUGUEL;ENTRADAS;EXTRAORDINÁRIO;REALIZADO;Oferta Exclusiva para pagamento de Aluguel;3825"
"22/04/2025;SICREDI;ALUGUEL;SAÍDAS;ORDINÁRIO;REALIZADO;Aluguel Auditório Hotel Costa Norte;-3825"
"22/04/2025;SICREDI;FINANCEIRO;SAÍDAS;ORDINÁRIO;REALIZADO;CESTA SICREDI;-74.25"
"22/04/2025;SICREDI;OFERTAS;ENTRADAS;ORDINÁRIO;REALIZADO;Ofertas Regulares;140"
"23/04/2025;AP.MPAGO;FINANCEIRO;ENTRE CONTAS;ORDINÁRIO;REALIZADO;;1109.63"
"23/04/2025;MPAGO;FINANCEIRO;ENTRE CONTAS;ORDINÁRIO;REALIZADO;;-1109.63"
"23/04/2025;MPAGO;OFERTAS;ENTRADAS;ORDINÁRIO;REALIZADO;Ofertas Regulares;150"
"23/04/2025;SICREDI;OFERTAS;ENTRADAS;ORDINÁRIO;REALIZADO;Ofertas Regulares;1110"
"25/04/2025;SICREDI;LOUVOR;SAÍDAS;ORDINÁRIO;REALIZADO;REPARO DA BATERIA DO IPAD;-550"
"28/04/2025;SICREDI;OFERTAS;ENTRADAS;ORDINÁRIO;REALIZADO;Ofertas Regulares;10"
"29/04/2025;SICREDI;FINANCEIRO;SAÍDAS;ORDINÁRIO;REALIZADO;Serviços Contabeis;-400"
"30/04/2025;AP.MPAGO;FINANCEIRO;ENTRADAS;EXTRAORDINÁRIO;REALIZADO;Rendimento Aplicação;190.3"
"30/04/2025;AP.SICREDI;FINANCEIRO;ENTRADAS;EXTRAORDINÁRIO;REALIZADO;Rendimento Aplicação;896.55"
"01/05/2025;MPAGO;MISSÕES;SAÍDAS;ORDINÁRIO;REALIZADO;Oferta Missionaria;-100"
"04/05/2025;MPAGO;BOAS VINDAS;SAÍDAS;ORDINÁRIO;REALIZADO;CAFÉ;-51.18"
"04/05/2025;MPAGO;OFERTAS;ENTRADAS;ORDINÁRIO;REALIZADO;Ofertas Regulares;254"
"05/05/2025;SICREDI;IBNT;ENTRADAS;EXTRAORDINÁRIO;REALIZADO;Oferta vinda de membros da IBNT;9108"
"05/05/2025;SICREDI;OFERTAS;ENTRADAS;ORDINÁRIO;REALIZADO;Ofertas Regulares;670"
"06/05/2025;SICREDI;INFANTIL;SAÍDAS;ORDINÁRIO;REALIZADO;Aplicativo CheckIn;-79"
"07/05/2025;SICREDI;PREBENDA BRUTA;SAÍDAS;ORDINÁRIO;REALIZADO;Remuneração Pastoral;-9746.76"
"08/05/2025;SICREDI;EVENTOS;ENTRADAS;EXTRAORDINÁRIO;REALIZADO;Oferta Exclusiva para Eventos;100"
"08/05/2025;SICREDI;OFERTAS;ENTRADAS;ORDINÁRIO;REALIZADO;Ofertas Regulares;2550"
"10/05/2025;MPAGO;INFANTIL;SAÍDAS;ORDINÁRIO;REALIZADO;CHOCOLATE PARA O DIA DAS MÃES;-54.9"
"11/05/2025;MPAGO;OFERTAS;ENTRADAS;ORDINÁRIO;REALIZADO;Ofertas Regulares;564.25"
"12/05/2025;SICREDI;FINANCEIRO;SAÍDAS;ORDINÁRIO;REALIZADO;Integralização do capital social no Sicredi;-100"
"12/05/2025;SICREDI;OFERTAS;ENTRADAS;ORDINÁRIO;REALIZADO;Ofertas Regulares;2165"
"13/05/2025;AP.MPAGO;FINANCEIRO;ENTRE CONTAS;ORDINÁRIO;REALIZADO;;1000"
"13/05/2025;MPAGO;FINANCEIRO;ENTRE CONTAS;ORDINÁRIO;REALIZADO;;-1000"
"14/05/2025;MPAGO;EVENTOS;SAÍDAS;EXTRAORDINÁRIO;REALIZADO;ÁGUA E COPOS;-41.5"
"14/05/2025;MPAGO;EVENTOS;SAÍDAS;EXTRAORDINÁRIO;REALIZADO;BAMBOLÊ, COPOS, HIDROCOR E FITAS;-54.92"
"18/05/2025;MPAGO;OFERTAS;ENTRADAS;ORDINÁRIO;REALIZADO;Ofertas Regulares;254.5"
"18/05/2025;SICREDI;OFERTAS;ENTRADAS;ORDINÁRIO;REALIZADO;Ofertas Regulares;1010"
"20/05/2025;SICREDI;ALUGUEL;ENTRADAS;EXTRAORDINÁRIO;REALIZADO;Oferta Exclusiva para pagamento de Aluguel;3825"
"20/05/2025;SICREDI;FINANCEIRO;SAÍDAS;ORDINÁRIO;REALIZADO;CESTA SICREDI;-74.25"
"20/05/2025;SICREDI;PREBENDA BRUTA;SAÍDAS;ORDINÁRIO;REALIZADO;Remuneração Pastoral;-2245.44"
"25/05/2025;MPAGO;OFERTAS;ENTRADAS;ORDINÁRIO;REALIZADO;Ofertas Regulares;224.5"
"25/05/2025;SICREDI;OFERTAS;ENTRADAS;ORDINÁRIO;REALIZADO;Ofertas Regulares;1370.15"
"26/05/2025;SICREDI;ALUGUEL;SAÍDAS;ORDINÁRIO;REALIZADO;Aluguel Auditório Hotel Costa Norte;-3825"
"26/05/2025;SICREDI;FINANCEIRO;SAÍDAS;ORDINÁRIO;REALIZADO;Serviços Contabeis;-400"
"30/05/2025;AP.MPAGO;FINANCEIRO;ENTRADAS;EXTRAORDINÁRIO;REALIZADO;Rendimento Aplicação;229.02"
"30/05/2025;AP.SICREDI;FINANCEIRO;ENTRADAS;EXTRAORDINÁRIO;REALIZADO;Rendimento Aplicação;976.3"
"01/06/2025;MPAGO;OFERTAS;ENTRADAS;ORDINÁRIO;REALIZADO;Ofertas Regulares;324"
"01/06/2025;SICREDI;IBNT;ENTRADAS;EXTRAORDINÁRIO;REALIZADO;Oferta vinda de membros da IBNT;9108"
"01/06/2025;SICREDI;OFERTAS;ENTRADAS;ORDINÁRIO;REALIZADO;Ofertas Regulares;1600"
"02/06/2025;AP.MPAGO;FINANCEIRO;ENTRE CONTAS;ORDINÁRIO;REALIZADO;;1000"
"02/06/2025;MPAGO;FINANCEIRO;ENTRE CONTAS;ORDINÁRIO;REALIZADO;;-1000"
"02/06/2025;MPAGO;INFANTIL;SAÍDAS;ORDINÁRIO;REALIZADO;Aplicativo CheckIn;-79"
"02/06/2025;MPAGO;MISSÕES;SAÍDAS;ORDINÁRIO;REALIZADO;Oferta Missionaria;-100"
"05/06/2025;SICREDI;PREBENDA BRUTA;SAÍDAS;ORDINÁRIO;REALIZADO;Remuneração Pastoral;-9746.76"
"08/06/2025;MPAGO;OFERTAS;ENTRADAS;ORDINÁRIO;REALIZADO;Ofertas Regulares;787"
"08/06/2025;SICREDI;OFERTAS;ENTRADAS;ORDINÁRIO;REALIZADO;Ofertas Regulares;3980"
"15/06/2025;MPAGO;LOUVOR;SAÍDAS;ORDINÁRIO;REALIZADO;4 PILHAS DURACELL AA;-27.98"
"15/06/2025;MPAGO;OFERTAS;ENTRADAS;ORDINÁRIO;REALIZADO;Ofertas Regulares;370.8"
"15/06/2025;SICREDI;OFERTAS;ENTRADAS;ORDINÁRIO;REALIZADO;Ofertas Regulares;1050"
"16/06/2025;SICREDI;PREBENDA BRUTA;SAÍDAS;ORDINÁRIO;REALIZADO;Remuneração Pastoral;-2245.44"
"18/06/2025;MPAGO;SOCIAL;SAÍDAS;ORDINÁRIO;REALIZADO;COMPLEMENTAÇÃO DE CESTA BÁSICA;-49.97"
"20/06/2025;SICREDI;FINANCEIRO;SAÍDAS;ORDINÁRIO;REALIZADO;CESTA SICREDI;-74.25"
"22/06/2025;MPAGO;OFERTAS;ENTRADAS;ORDINÁRIO;REALIZADO;Ofertas Regulares;255"
"22/06/2025;SICREDI;CAMPANHAS;ENTRADAS;EXTRAORDINÁRIO;REALIZADO;Oferta Especial para compra do terreno;3000"
"22/06/2025;SICREDI;OFERTAS;ENTRADAS;ORDINÁRIO;REALIZADO;Ofertas Regulares;970"
"24/06/2025;AP.MPAGO;FINANCEIRO;ENTRE CONTAS;ORDINÁRIO;REALIZADO;;1000"
"24/06/2025;MPAGO;FINANCEIRO;ENTRE CONTAS;ORDINÁRIO;REALIZADO;;-1000"
"24/06/2025;SICREDI;ALUGUEL;SAÍDAS;ORDINÁRIO;REALIZADO;Aluguel Auditório Hotel Costa Norte;-3825"
"26/06/2025;SICREDI;ALUGUEL;ENTRADAS;EXTRAORDINÁRIO;REALIZADO;Oferta Exclusiva para pagamento de Aluguel;3825"
"27/06/2025;AP.MPAGO;FINANCEIRO;ENTRADAS;EXTRAORDINÁRIO;REALIZADO;Rendimento Aplicação;254.889999999999"
"27/06/2025;AP.SICREDI;FINANCEIRO;ENTRADAS;EXTRAORDINÁRIO;REALIZADO;Rendimento Aplicação;1094.9"
"29/06/2025;MPAGO;OFERTAS;ENTRADAS;ORDINÁRIO;REALIZADO;Ofertas Regulares;232.5"
"29/06/2025;SICREDI;OFERTAS;ENTRADAS;ORDINÁRIO;REALIZADO;Ofertas Regulares;2749"
"30/06/2025;MPAGO;FINANCEIRO;SAÍDAS;ORDINÁRIO;REALIZADO;Serviços Contabeis;-400"
"01/07/2025;MPAGO;INFANTIL;SAÍDAS;ORDINÁRIO;REALIZADO;Aplicativo CheckIn;-79"
"01/07/2025;MPAGO;MISSÕES;SAÍDAS;ORDINÁRIO;REALIZADO;Oferta Missionaria;-100"
"01/07/2025;SICREDI;IBNT;ENTRADAS;EXTRAORDINÁRIO;REALIZADO;Oferta vinda de membros da IBNT;6000"
"06/07/2025;MPAGO;OFERTAS;ENTRADAS;ORDINÁRIO;REALIZADO;Ofertas Regulares;428.5"
"06/07/2025;SICREDI;OFERTAS;ENTRADAS;ORDINÁRIO;REALIZADO;Ofertas Regulares;2651"
"08/07/2025;SICREDI;PREBENDA BRUTA;SAÍDAS;ORDINÁRIO;REALIZADO;Remuneração Pastoral;-9746.76"
"11/07/2025;MPAGO;BOAS VINDAS;SAÍDAS;ORDINÁRIO;REALIZADO;SUPRIMENTOS PARA CAFÉ;-28.49"
"13/07/2025;MPAGO;OFERTAS;ENTRADAS;ORDINÁRIO;REALIZADO;Ofertas Regulares;200"
"14/07/2025;SICREDI;OFERTAS;ENTRADAS;ORDINÁRIO;REALIZADO;Ofertas Regulares;2450"
"15/07/2025;AP.SICREDI;FINANCEIRO;ENTRE CONTAS;ORDINÁRIO;REALIZADO;;20000"
"15/07/2025;MPAGO;SOCIAL;SAÍDAS;ORDINÁRIO;REALIZADO;ITENS PARA COMPLEMENTAR CESTA BÁSICA;-177.78"
"15/07/2025;SICREDI;FINANCEIRO;ENTRE CONTAS;ORDINÁRIO;REALIZADO;;-20000"
"15/07/2025;SICREDI;PREBENDA BRUTA;SAÍDAS;ORDINÁRIO;REALIZADO;Remuneração Pastoral;-2245.44"
"15/07/2025;SICREDI;SOCIAL;ENTRADAS;EXTRAORDINÁRIO;REALIZADO;Oferta para Cestas Basicas;100"
"18/07/2025;SICREDI;CAMPANHAS;ENTRADAS;EXTRAORDINÁRIO;REALIZADO;Oferta Especial para compra do terreno;3000"
"20/07/2025;MPAGO;INFANTIL;SAÍDAS;ORDINÁRIO;REALIZADO;LIVROS PARA OS PROFESSORES (VOL 1);-198.96"
"20/07/2025;MPAGO;OFERTAS;ENTRADAS;ORDINÁRIO;REALIZADO;Ofertas Regulares;256.6"
"20/07/2025;SICREDI;OFERTAS;ENTRADAS;ORDINÁRIO;REALIZADO;Ofertas Regulares;3970"
"21/07/2025;SICREDI;FINANCEIRO;SAÍDAS;ORDINÁRIO;REALIZADO;CESTA SICREDI;-78.36"
"22/07/2025;SICREDI;ALUGUEL;ENTRADAS;EXTRAORDINÁRIO;REALIZADO;Oferta Exclusiva para pagamento de Aluguel;3825"
"22/07/2025;SICREDI;ALUGUEL;SAÍDAS;ORDINÁRIO;REALIZADO;Aluguel Auditório Hotel Costa Norte;-3825"
"22/07/2025;SICREDI;FINANCEIRO;SAÍDAS;ORDINÁRIO;REALIZADO;Serviços Contabeis;-400"
"25/07/2025;MPAGO;INFANTIL;SAÍDAS;ORDINÁRIO;REALIZADO;BOLO DE ISOPOR PARA ANIVERSARIANTES;-33.95"
"25/07/2025;MPAGO;INFANTIL;SAÍDAS;ORDINÁRIO;REALIZADO;LIVROS PARA OS PROFESSORES (VOL 2 e 3);-424.8"
"25/07/2025;MPAGO;OFERTAS;ENTRADAS;ORDINÁRIO;REALIZADO;Ofertas Regulares;270"
"25/07/2025;SICREDI;LOUVOR;SAÍDAS;ORDINÁRIO;REALIZADO;REPOSIÇÃO DE CABOS DANIFICADOS;-309.5"
"27/07/2025;MPAGO;OFERTAS;ENTRADAS;ORDINÁRIO;REALIZADO;Ofertas Regulares;574.35"
"27/07/2025;SICREDI;OFERTAS;ENTRADAS;ORDINÁRIO;REALIZADO;Ofertas Regulares;1277.62"
"31/07/2025;AP.MPAGO;FINANCEIRO;ENTRADAS;EXTRAORDINÁRIO;REALIZADO;Rendimento Aplicação;305.74"
"31/07/2025;AP.SICREDI;FINANCEIRO;ENTRADAS;EXTRAORDINÁRIO;REALIZADO;Rendimento Aplicação;1105.48"
"01/08/2025;SICREDI;IBNT;ENTRADAS;EXTRAORDINÁRIO;REALIZADO;Oferta vinda de membros da IBNT;6000"
"03/08/2025;MPAGO;OFERTAS;ENTRADAS;ORDINÁRIO;REALIZADO;Ofertas Regulares;415"
"03/08/2025;SICREDI;OFERTAS;ENTRADAS;ORDINÁRIO;REALIZADO;Ofertas Regulares;3150"
"05/08/2025;AP.MPAGO;FINANCEIRO;ENTRE CONTAS;ORDINÁRIO;REALIZADO;;1000"
"05/08/2025;MPAGO;FINANCEIRO;ENTRE CONTAS;ORDINÁRIO;REALIZADO;;-1000"
"05/08/2025;SICREDI;INFANTIL;SAÍDAS;ORDINÁRIO;REALIZADO;Aplicativo CheckIn;-79"
"05/08/2025;SICREDI;MISSÕES;SAÍDAS;ORDINÁRIO;REALIZADO;Oferta Missionaria;-100"
"05/08/2025;SICREDI;PREBENDA BRUTA;SAÍDAS;ORDINÁRIO;REALIZADO;Remuneração Pastoral;-9746.76"
"06/08/2025;SICREDI;CAMPANHAS;ENTRADAS;EXTRAORDINÁRIO;REALIZADO;Oferta Especial para compra do terreno;3000"
"10/08/2025;MPAGO;BOAS VINDAS;SAÍDAS;ORDINÁRIO;REALIZADO;COPOS;-9.98"
"10/08/2025;MPAGO;OFERTAS;ENTRADAS;ORDINÁRIO;REALIZADO;Ofertas Regulares;410"
"10/08/2025;SICREDI;OFERTAS;ENTRADAS;ORDINÁRIO;REALIZADO;Ofertas Regulares;2216"
"11/08/2025;MPAGO;SOCIAL;SAÍDAS;ORDINÁRIO;REALIZADO;REMÉDIO PARA APOIO À FAMÍLIA NECESSITADA;-10.7"
"13/08/2025;MPAGO;EVENTOS;SAÍDAS;EXTRAORDINÁRIO;REALIZADO;KIT DE MÚSICAS PARA A CATATA DE NATAL 2025;-200"
"14/08/2025;MPAGO;INFANTIL;SAÍDAS;ORDINÁRIO;REALIZADO;EVA PARA ATIVIDADES DO INFANTIL;-36"
"17/08/2025;MPAGO;BOAS VINDAS;SAÍDAS;ORDINÁRIO;REALIZADO;COPOS, FILTROS, CAFÉ, GUARDANAPO E AÇUCAR;-171.56"
"17/08/2025;MPAGO;OFERTAS;ENTRADAS;ORDINÁRIO;REALIZADO;Ofertas Regulares;415"
"17/08/2025;SICREDI;OFERTAS;ENTRADAS;ORDINÁRIO;REALIZADO;Ofertas Regulares;1260"
"18/08/2025;SICREDI;PREBENDA BRUTA;SAÍDAS;ORDINÁRIO;REALIZADO;Remuneração Pastoral;-2245.44"
"20/08/2025;SICREDI;FINANCEIRO;SAÍDAS;ORDINÁRIO;REALIZADO;CESTA SICREDI;-78.36"
"22/08/2025;SICREDI;ALUGUEL;ENTRADAS;EXTRAORDINÁRIO;REALIZADO;Oferta Exclusiva para pagamento de Aluguel;3825"
"24/08/2025;MPAGO;OFERTAS;ENTRADAS;ORDINÁRIO;REALIZADO;Ofertas Regulares;424"
"24/08/2025;SICREDI;OFERTAS;ENTRADAS;ORDINÁRIO;REALIZADO;Ofertas Regulares;810"
"26/08/2025;SICREDI;ALUGUEL;SAÍDAS;ORDINÁRIO;REALIZADO;Aluguel Auditório Hotel Costa Norte;-3825"
"26/08/2025;SICREDI;FINANCEIRO;SAÍDAS;ORDINÁRIO;REALIZADO;Serviços Contabeis;-400"
"31/08/2025;AP.MPAGO;FINANCEIRO;ENTRADAS;EXTRAORDINÁRIO;REALIZADO;Rendimento Aplicação;278.56"
"31/08/2025;AP.SICREDI;FINANCEIRO;ENTRADAS;EXTRAORDINÁRIO;REALIZADO;Rendimento Aplicação;1248.52"
"31/08/2025;MPAGO;OFERTAS;ENTRADAS;ORDINÁRIO;REALIZADO;Ofertas Regulares;450"
"31/08/2025;SICREDI;OFERTAS;ENTRADAS;ORDINÁRIO;REALIZADO;Ofertas Regulares;2873.02"
"01/09/2025;SICREDI;IBNT;ENTRADAS;EXTRAORDINÁRIO;REALIZADO;Oferta vinda de membros da IBNT;6000"
"02/09/2025;MPAGO;INFANTIL;SAÍDAS;ORDINÁRIO;REALIZADO;Aplicativo CheckIn;-79"
"02/09/2025;MPAGO;MISSÕES;SAÍDAS;ORDINÁRIO;REALIZADO;Oferta Missionaria;-100"
"02/09/2025;SICREDI;CAMPANHAS;ENTRADAS;EXTRAORDINÁRIO;REALIZADO;Oferta Especial para compra do terreno;3000"
"02/09/2025;SICREDI;OFERTAS;ENTRADAS;ORDINÁRIO;REALIZADO;Ofertas Regulares;1000"
"03/09/2025;MPAGO;PROJETOS;SAÍDAS;EXTRAORDINÁRIO;REALIZADO;CANECAS PARA O PR JUSTIN, JAY E LEO - AGRADECIMENTO INDEPENDÊNCIA;-105"
"07/09/2025;MPAGO;OFERTAS;ENTRADAS;ORDINÁRIO;REALIZADO;Ofertas Regulares;132"
"07/09/2025;SICREDI;LOUVOR;SAÍDAS;ORDINÁRIO;REALIZADO;3 MÚSICAS NO MULTITRACKS;-173.4"
"07/09/2025;SICREDI;OFERTAS;ENTRADAS;ORDINÁRIO;REALIZADO;Ofertas Regulares;4430"
"09/09/2025;SICREDI;PREBENDA BRUTA;SAÍDAS;ORDINÁRIO;REALIZADO;Remuneração Pastoral;-9746.76"
"12/09/2025;MPAGO;CAPACITAÇÃO;SAÍDAS;EXTRAORDINÁRIO;REALIZADO;HOTEL RIO DE JANEIRO;-691.98"
"12/09/2025;MPAGO;CAPACITAÇÃO;SAÍDAS;EXTRAORDINÁRIO;REALIZADO;TRASLADO SÃO JOSÉ<>RIO DE JANEIRO;-247.48"
"12/09/2025;MPAGO;CAPACITAÇÃO;SAÍDAS;EXTRAORDINÁRIO;REALIZADO;TRASLADO SÃO JOSÉ-CARAGUÁ;-127.52"
"12/09/2025;SICREDI;CAPACITAÇÃO;SAÍDAS;EXTRAORDINÁRIO;REALIZADO;TRASLADO CARAGUÁ-SÃO JOSÉ;-100"
"14/09/2025;MPAGO;OFERTAS;ENTRADAS;ORDINÁRIO;REALIZADO;Ofertas Regulares;250"
"14/09/2025;SICREDI;OFERTAS;ENTRADAS;ORDINÁRIO;REALIZADO;Ofertas Regulares;1328"
"16/09/2025;SICREDI;PREBENDA BRUTA;SAÍDAS;ORDINÁRIO;REALIZADO;Remuneração Pastoral;-2245.44"
"18/09/2025;SICREDI;ALUGUEL;ENTRADAS;EXTRAORDINÁRIO;REALIZADO;Oferta Exclusiva para pagamento de Aluguel;3825"
"19/09/2025;AP.MPAGO;COMUNICAÇÃO;SAÍDAS;ORDINÁRIO;REALIZADO;Lente Yn 35mm Yongnuo F2 Auto Foco Para Cameras Canon Ef;-615.99"
"19/09/2025;AP.MPAGO;LOUVOR;SAÍDAS;ORDINÁRIO;REALIZADO; BANCO BATERIA;-206.26"
"19/09/2025;AP.MPAGO;LOUVOR;SAÍDAS;ORDINÁRIO;REALIZADO;CASE MESA DE SOM;-674"
"19/09/2025;AP.MPAGO;LOUVOR;SAÍDAS;ORDINÁRIO;REALIZADO;CASE PARA CONTRABAIXO;-95.9"
"19/09/2025;AP.MPAGO;LOUVOR;SAÍDAS;ORDINÁRIO;REALIZADO;CASE PC/MONITOR;-330.88"
"19/09/2025;AP.MPAGO;LOUVOR;SAÍDAS;ORDINÁRIO;REALIZADO;MONITOR PORTÁTIL (REPOSIÇÃO);-497.26"
"21/09/2025;MPAGO;OFERTAS;ENTRADAS;ORDINÁRIO;REALIZADO;Ofertas Regulares;225"
"21/09/2025;SICREDI;OFERTAS;ENTRADAS;ORDINÁRIO;REALIZADO;Ofertas Regulares;1553.65"
"22/09/2025;SICREDI;FINANCEIRO;SAÍDAS;ORDINÁRIO;REALIZADO;CESTA SICREDI;-78.36"
"23/09/2025;SICREDI;ALUGUEL;SAÍDAS;ORDINÁRIO;REALIZADO;Aluguel Auditório Hotel Costa Norte;-3825"
"26/09/2025;AP.MPAGO;EVENTOS;SAÍDAS;EXTRAORDINÁRIO;REALIZADO;BOLAS PARA LEMBRANÇA DO DIA DAS CRIANÇAS;-374.99"
"27/09/2025;SICREDI;LOUVOR;SAÍDAS;ORDINÁRIO;REALIZADO;3 MÚSICAS NO MULTITRACKS;-180.2"
"28/09/2025;MPAGO;OFERTAS;ENTRADAS;ORDINÁRIO;REALIZADO;Ofertas Regulares;262.25"
"28/09/2025;SICREDI;OFERTAS;ENTRADAS;ORDINÁRIO;REALIZADO;Ofertas Regulares;1090"
"29/09/2025;MPAGO;COMUNICAÇÃO;SAÍDAS;ORDINÁRIO;REALIZADO;CAPCUT PRO ANUAL;-374.9"
"30/09/2025;AP.MPAGO;FINANCEIRO;ENTRADAS;EXTRAORDINÁRIO;REALIZADO;Rendimento Aplicação;309.84"
"30/09/2025;AP.SICREDI;FINANCEIRO;ENTRADAS;EXTRAORDINÁRIO;REALIZADO;Rendimento Aplicação;1322.34"
"30/09/2025;SICREDI;FINANCEIRO;SAÍDAS;ORDINÁRIO;REALIZADO;Serviços Contabeis;-400"
"30/09/2025;SICREDI;MISSÕES;SAÍDAS;ORDINÁRIO;REALIZADO;Oferta Missionaria;-100"
"01/10/2025;SICREDI;IBNT;ENTRADAS;EXTRAORDINÁRIO;REALIZADO;Oferta vinda de membros da IBNT;4000"
"02/10/2025;MPAGO;EVENTOS;SAÍDAS;EXTRAORDINÁRIO;REALIZADO;ADESIVOS PARA BOLAS E CADERNOS;-90"
"02/10/2025;SICREDI;EVENTOS;ENTRADAS;EXTRAORDINÁRIO;REALIZADO;Oferta Exclusiva para Eventos;150"
"03/10/2025;MPAGO;CAMPANHAS;ENTRADAS;EXTRAORDINÁRIO;REALIZADO;Oferta Especial para compra do terreno;3000"
"03/10/2025;MPAGO;COMUNICAÇÃO;SAÍDAS;ORDINÁRIO;REALIZADO;2000 FLYERS PARA DIVULGAÇÃO DA IGREJA;-117.32"
"05/10/2025;MPAGO;CAMPANHAS;ENTRADAS;EXTRAORDINÁRIO;REALIZADO;Oferta Especial para compra do terreno;1000"
"05/10/2025;MPAGO;OFERTAS;ENTRADAS;ORDINÁRIO;REALIZADO;Ofertas Regulares;250"
"05/10/2025;SICREDI;OFERTAS;ENTRADAS;ORDINÁRIO;REALIZADO;Ofertas Regulares;6490.31"
"06/10/2025;SICREDI;INFANTIL;SAÍDAS;ORDINÁRIO;REALIZADO;Aplicativo CheckIn;-79"
"06/10/2025;SICREDI;PREBENDA BRUTA;SAÍDAS;ORDINÁRIO;REALIZADO;Remuneração Pastoral;-9746.76"
"10/10/2025;MPAGO;PROJETOS;SAÍDAS;EXTRAORDINÁRIO;REALIZADO;MARMITA PARA OS SEMINARISTAS;-320"
"11/10/2025;MPAGO;PROJETOS;SAÍDAS;EXTRAORDINÁRIO;REALIZADO;MARMITA PARA OS SEMINARISTAS;-375"
"12/10/2025;MPAGO;CAPACITAÇÃO;SAÍDAS;EXTRAORDINÁRIO;REALIZADO;CURSO DE BATERIA = RAFAEL SANTOS;-300"
"12/10/2025;MPAGO;OFERTAS;ENTRADAS;ORDINÁRIO;REALIZADO;Ofertas Regulares;535"
"12/10/2025;SICREDI;OFERTAS;ENTRADAS;ORDINÁRIO;REALIZADO;Ofertas Regulares;2100"
"13/10/2025;MPAGO;PROJETOS;SAÍDAS;EXTRAORDINÁRIO;REALIZADO;HAMBURGUER PARA OS SEMINARISTAS;-360"
"15/10/2025;SICREDI;PREBENDA BRUTA;SAÍDAS;ORDINÁRIO;REALIZADO;Remuneração Pastoral;-2245.44"
"19/10/2025;MPAGO;LOUVOR;SAÍDAS;ORDINÁRIO;REALIZADO;YOUTUBE PREMIUM MENSAL;-26.9"
"19/10/2025;MPAGO;OFERTAS;ENTRADAS;ORDINÁRIO;REALIZADO;Ofertas Regulares;251.25"
"19/10/2025;SICREDI;OFERTAS;ENTRADAS;ORDINÁRIO;REALIZADO;Ofertas Regulares;460"
"20/10/2025;SICREDI;FINANCEIRO;SAÍDAS;ORDINÁRIO;REALIZADO;CESTA SICREDI;-78.36"
"24/10/2025;SICREDI;LOUVOR;SAÍDAS;ORDINÁRIO;REALIZADO;SERVIÇO DE LUTHIER PARA AO CONTRABAIXO;-230"
"26/10/2025;MPAGO;OFERTAS;ENTRADAS;ORDINÁRIO;REALIZADO;Ofertas Regulares;224"
"26/10/2025;SICREDI;OFERTAS;ENTRADAS;ORDINÁRIO;REALIZADO;Ofertas Regulares;1250"
"28/10/2025;SICREDI;ALUGUEL;SAÍDAS;ORDINÁRIO;REALIZADO;Aluguel Auditório Hotel Costa Norte;-3825"
"29/10/2025;MPAGO;FINANCEIRO;SAÍDAS;ORDINÁRIO;REALIZADO;Serviços Contabeis;-400"
"30/10/2025;AP.MPAGO;FINANCEIRO;ENTRADAS;EXTRAORDINÁRIO;REALIZADO;Rendimento Aplicação;277.39"
"30/10/2025;AP.SICREDI;FINANCEIRO;ENTRADAS;EXTRAORDINÁRIO;REALIZADO;Rendimento Aplicação;1398.34"
"02/11/2025;MPAGO;OFERTAS;ENTRADAS;ORDINÁRIO;REALIZADO;Ofertas Regulares;200.5"
"02/11/2025;SICREDI;IBNT;ENTRADAS;EXTRAORDINÁRIO;REALIZADO;Oferta vinda de membros da IBNT;4000"
"02/11/2025;SICREDI;OFERTAS;ENTRADAS;ORDINÁRIO;REALIZADO;Ofertas Regulares;1965"
"03/11/2025;MPAGO;CAMPANHAS;ENTRADAS;EXTRAORDINÁRIO;REALIZADO;Oferta Especial para compra do terreno;3000"
"03/11/2025;MPAGO;INFANTIL;SAÍDAS;ORDINÁRIO;REALIZADO;Aplicativo CheckIn;-79"
"03/11/2025;MPAGO;MISSÕES;SAÍDAS;ORDINÁRIO;REALIZADO;Oferta Missionaria;-100"
"05/11/2025;MPAGO;BOAS VINDAS;SAÍDAS;ORDINÁRIO;REALIZADO;CAFÉ SUCO, ETC. (P/ CEIA E CAFÉ);-159.2"
"05/11/2025;MPAGO;BOAS VINDAS;SAÍDAS;ORDINÁRIO;REALIZADO;COPOS, PRATOS, ETC. (P/ CEIA E CAFÉ);-113.59"
"05/11/2025;SICREDI;OFERTAS;ENTRADAS;ORDINÁRIO;REALIZADO;Ofertas Regulares;2250"
"08/11/2025;MPAGO;LOUVOR;SAÍDAS;EXTRAORDINÁRIO;REALIZADO;LUCAS MELO DE FREITAS = IB MEMORIAL SP;-300"
"09/11/2025;MPAGO;OFERTAS;ENTRADAS;ORDINÁRIO;REALIZADO;Ofertas Regulares;600"
"10/11/2025;MPAGO;FINANCEIRO;SAÍDAS;ORDINÁRIO;REALIZADO;RECONHECIMENTO DE FIRMA - RENÚNCIA GUILHERME;-13.32"
"10/11/2025;SICREDI;OFERTAS;ENTRADAS;ORDINÁRIO;REALIZADO;Ofertas Regulares;4718.5"
"10/11/2025;SICREDI;SOCIAL;ENTRADAS;EXTRAORDINÁRIO;REALIZADO;OFERTA PARA PINTURA DA CASA DA CHRIS;100.01"
"11/11/2025;MPAGO;COMUNICAÇÃO;SAÍDAS;ORDINÁRIO;REALIZADO;REGISTRO DO DOMÍNIO IBNORTE.COM.BR;-40"
"12/11/2025;MPAGO;LOUVOR;SAÍDAS;ORDINÁRIO;REALIZADO;2 CABOS PARA MESA DO HOTEL;-65.11"
"14/11/2025;MPAGO;CAPACITAÇÃO;SAÍDAS;EXTRAORDINÁRIO;REALIZADO;CURSO DE BATERIA = RAFAEL SANTOS;-300"
"16/11/2025;MPAGO;OFERTAS;ENTRADAS;ORDINÁRIO;REALIZADO;Ofertas Regulares;210.8"
"16/11/2025;SICREDI;OFERTAS;ENTRADAS;ORDINÁRIO;REALIZADO;Ofertas Regulares;1750"
"17/11/2025;AP.MPAGO;FINANCEIRO;ENTRE CONTAS;ORDINÁRIO;REALIZADO;;-6000"
"17/11/2025;MPAGO;FINANCEIRO;ENTRE CONTAS;ORDINÁRIO;REALIZADO;;6000"
"17/11/2025;MPAGO;PREBENDA BRUTA;SAÍDAS;ORDINÁRIO;REALIZADO;Remuneração Pastoral;-11992.2"
"18/11/2025;MPAGO;LOUVOR;SAÍDAS;ORDINÁRIO;REALIZADO;3x Cabo Avello Para Microfone P10 Mono X Xlr Fêmea Balanceado 7 Metros;-119.7"
"19/11/2025;MPAGO;LOUVOR;SAÍDAS;ORDINÁRIO;REALIZADO;YOUTUBE PREMIUM MENSAL;-26.9"
"21/11/2025;SICREDI;FINANCEIRO;SAÍDAS;ORDINÁRIO;REALIZADO;CESTA SICREDI;-78.36"
"22/11/2025;AP.MPAGO;FINANCEIRO;ENTRE CONTAS;ORDINÁRIO;REALIZADO;;-330"
"22/11/2025;MPAGO;FINANCEIRO;ENTRE CONTAS;ORDINÁRIO;REALIZADO;;330"
"22/11/2025;MPAGO;LOUVOR;SAÍDAS;EXTRAORDINÁRIO;REALIZADO;RODRIGO MATOS = IBCENTENÁRIO SP;-330"
"23/11/2025;MPAGO;OFERTAS;ENTRADAS;ORDINÁRIO;REALIZADO;Ofertas Regulares;221.5"
"24/11/2025;AP.MPAGO;FINANCEIRO;ENTRE CONTAS;ORDINÁRIO;REALIZADO;;-3825"
"24/11/2025;MPAGO;ALUGUEL;SAÍDAS;ORDINÁRIO;REALIZADO;Aluguel Auditório Hotel Costa Norte;-3825"
"24/11/2025;MPAGO;FINANCEIRO;ENTRE CONTAS;ORDINÁRIO;REALIZADO;;3825"
"26/11/2025;MPAGO;FINANCEIRO;SAÍDAS;ORDINÁRIO;REALIZADO;CRIAÇÃO DE CERTIFICADO DIGITAL;-190"
"28/11/2025;MPAGO;SOCIAL;ENTRADAS;EXTRAORDINÁRIO;REALIZADO;OFERTA PARA PINTURA DA CASA DA CHRIS;650.04"
"28/11/2025;SICREDI;OFERTAS;ENTRADAS;ORDINÁRIO;REALIZADO;Ofertas Regulares;1950"
"29/11/2025;MPAGO;LOUVOR;SAÍDAS;EXTRAORDINÁRIO;REALIZADO;PR WALMIR = 2ªCRISTÃ EV. SJC;-200"
"29/11/2025;MPAGO;SOCIAL;SAÍDAS;EXTRAORDINÁRIO;REALIZADO;ALMOÇO DOS VOLUNTÁRIOS = CASA DA CHRIS;-79.26"
"29/11/2025;MPAGO;SOCIAL;SAÍDAS;EXTRAORDINÁRIO;REALIZADO;ARGAMASSA EXPANSIVA = CASA DA CHRIS - Reembolso Raphael;-52"
"30/11/2025;AP.MPAGO;FINANCEIRO;ENTRADAS;EXTRAORDINÁRIO;REALIZADO;Rendimento Aplicação;213.71"
"30/11/2025;AP.SICREDI;FINANCEIRO;ENTRADAS;EXTRAORDINÁRIO;REALIZADO;Rendimento Aplicação;1167.54"
"30/11/2025;MPAGO;FINANCEIRO;SAÍDAS;ORDINÁRIO;REALIZADO;Serviços Contabeis;-400"
"01/12/2025;AP.MPAGO;FINANCEIRO;ENTRE CONTAS;ORDINÁRIO;REALIZADO;;-400"
"01/12/2025;MPAGO;FINANCEIRO;ENTRE CONTAS;ORDINÁRIO;REALIZADO;;400"
"01/12/2025;MPAGO;INFANTIL;SAÍDAS;ORDINÁRIO;REALIZADO;Aplicativo CheckIn;-79"
"01/12/2025;MPAGO;MISSÕES;SAÍDAS;ORDINÁRIO;REALIZADO;Oferta Missionaria;-100"
"01/12/2025;MPAGO;OFERTAS;ENTRADAS;ORDINÁRIO;REALIZADO;Ofertas Regulares;223"
"01/12/2025;SICREDI;IBNT;ENTRADAS;EXTRAORDINÁRIO;REALIZADO;Oferta vinda de membros da IBNT;4000"
"01/12/2025;SICREDI;OFERTAS;ENTRADAS;ORDINÁRIO;REALIZADO;Ofertas Regulares;1780"
"03/12/2025;MPAGO;CAMPANHAS;ENTRADAS;EXTRAORDINÁRIO;REALIZADO;Oferta Especial para compra do terreno;3000"
"07/12/2025;MPAGO;CAMPANHAS;ENTRADAS;EXTRAORDINÁRIO;REALIZADO;Oferta Especial para compra do terreno;100"
"07/12/2025;MPAGO;OFERTAS;ENTRADAS;ORDINÁRIO;REALIZADO;Ofertas Regulares;0.0000000000000001"
"07/12/2025;SICREDI;OFERTAS;ENTRADAS;ORDINÁRIO;REALIZADO;Ofertas Regulares;4083"
"08/12/2025;AP.MPAGO;FINANCEIRO;ENTRE CONTAS;ORDINÁRIO;REALIZADO;;-8000"
"08/12/2025;MPAGO;FINANCEIRO;ENTRE CONTAS;ORDINÁRIO;REALIZADO;;8000"
"08/12/2025;MPAGO;PREBENDA BRUTA;SAÍDAS;ORDINÁRIO;REALIZADO;Remuneração Pastoral;-9746.76"
"12/12/2025;MPAGO;LOUVOR;SAÍDAS;EXTRAORDINÁRIO;REALIZADO;RODRIGO MATOS = IBCENTENÁRIO SP;-330"
"14/12/2025;SICREDI;OFERTAS;ENTRADAS;ORDINÁRIO;REALIZADO;Ofertas Regulares;2350"
"16/12/2025;MPAGO;PREBENDA BRUTA;SAÍDAS;ORDINÁRIO;REALIZADO;Remuneração Pastoral;-2245.44"
"17/12/2025;AP.MPAGO;FINANCEIRO;ENTRE CONTAS;ORDINÁRIO;REALIZADO;;-230"
"17/12/2025;MPAGO;FINANCEIRO;ENTRE CONTAS;ORDINÁRIO;REALIZADO;;230"
"17/12/2025;MPAGO;FINANCEIRO;SAÍDAS;ORDINÁRIO;REALIZADO;RECONHECIMENTO DE FIRMA - ATA IBN.009.2025;-8.71"
"17/12/2025;MPAGO;FINANCEIRO;SAÍDAS;ORDINÁRIO;REALIZADO;REGISTRO DA ATA INB.009.2025;-230.61"
"18/12/2025;AP.MPAGO;FINANCEIRO;ENTRE CONTAS;ORDINÁRIO;REALIZADO;;-400"
"18/12/2025;MPAGO;FINANCEIRO;ENTRE CONTAS;ORDINÁRIO;REALIZADO;;400"
"18/12/2025;MPAGO;FINANCEIRO;SAÍDAS;ORDINÁRIO;REALIZADO;Serviços Contabeis;-400"
"19/12/2025;MPAGO;LOUVOR;SAÍDAS;ORDINÁRIO;REALIZADO;YOUTUBE PREMIUM MENSAL;-26.9"
"21/12/2025;SICREDI;OFERTAS;ENTRADAS;ORDINÁRIO;REALIZADO;Ofertas Regulares;2620"
"22/12/2025;SICREDI;FINANCEIRO;SAÍDAS;ORDINÁRIO;REALIZADO;CESTA SICREDI;-78.36"
"28/12/2025;AP.MPAGO;FINANCEIRO;ENTRADAS;EXTRAORDINÁRIO;REALIZADO;Rendimento Aplicação;137.98"
"28/12/2025;AP.MPAGO;FINANCEIRO;ENTRE CONTAS;ORDINÁRIO;REALIZADO;;-618.79"
"28/12/2025;AP.SICREDI;FINANCEIRO;ENTRADAS;EXTRAORDINÁRIO;REALIZADO;Rendimento Aplicação;1366.05"
"28/12/2025;MPAGO;FINANCEIRO;ENTRE CONTAS;ORDINÁRIO;REALIZADO;;618.79"
"28/12/2025;MPAGO;SOCIAL;SAÍDAS;EXTRAORDINÁRIO;REALIZADO;Materiais comprados pelo Márcio = CASA DA CHRIS;-618.79"
"30/12/2025;AP.MPAGO;FINANCEIRO;ENTRE CONTAS;ORDINÁRIO;REALIZADO;;-4225"
"30/12/2025;MPAGO;ALUGUEL;SAÍDAS;ORDINÁRIO;REALIZADO;Aluguel Auditório Hotel Costa Norte;-3825"
"30/12/2025;MPAGO;FINANCEIRO;ENTRE CONTAS;ORDINÁRIO;REALIZADO;;4225"
"30/12/2025;MPAGO;FINANCEIRO;SAÍDAS;ORDINÁRIO;REALIZADO;Serviços Contabeis;-400"
"02/01/2026;MPAGO;FINANCEIRO;ENTRE CONTAS;ORDINÁRIO;REALIZADO;;1000"
"02/01/2026;SICREDI;FINANCEIRO;ENTRE CONTAS;ORDINÁRIO;REALIZADO;;-1000"
"05/01/2026;MPAGO;CAMPANHAS;ENTRADAS;EXTRAORDINÁRIO;REALIZADO;Oferta Especial para compra do terreno;3000"
"05/01/2026;SICREDI;OFERTAS;ENTRADAS;ORDINÁRIO;REALIZADO;Ofertas Regulares;2300"
"05/01/2026;SICREDI;SOCIAL;ENTRADAS;EXTRAORDINÁRIO;REALIZADO;Oferta para Apoio Social;300.01"
"06/01/2026;AP.MPAGO;FINANCEIRO;ENTRE CONTAS;ORDINÁRIO;REALIZADO;;30000"
"06/01/2026;MPAGO;FINANCEIRO;ENTRE CONTAS;ORDINÁRIO;REALIZADO;;0"
"06/01/2026;MPAGO;INFANTIL;SAÍDAS;ORDINÁRIO;REALIZADO;Aplicativo CheckIn;-79"
"06/01/2026;MPAGO;MISSÕES;SAÍDAS;ORDINÁRIO;REALIZADO;Oferta Missionaria;-100"
"06/01/2026;SICREDI;FINANCEIRO;ENTRE CONTAS;ORDINÁRIO;REALIZADO;;-30000"
"06/01/2026;SICREDI;OFERTAS;ENTRADAS;ORDINÁRIO;REALIZADO;Ofertas Regulares;530"
"07/01/2026;SICREDI;OFERTAS;ENTRADAS;ORDINÁRIO;REALIZADO;Ofertas Regulares;1140"
"07/01/2026;SICREDI;SOCIAL;ENTRADAS;EXTRAORDINÁRIO;REALIZADO;Oferta para Apoio Social;300.02"
"08/01/2026;SICREDI;OFERTAS;ENTRADAS;ORDINÁRIO;REALIZADO;Ofertas Regulares;920"
"08/01/2026;SICREDI;PREBENDA BRUTA;SAÍDAS;ORDINÁRIO;REALIZADO;Remuneração Pastoral;-9746.76"
"11/01/2026;SICREDI;OFERTAS;ENTRADAS;ORDINÁRIO;REALIZADO;Ofertas Regulares;435"
"12/01/2026;SICREDI;OFERTAS;ENTRADAS;ORDINÁRIO;REALIZADO;Ofertas Regulares;2025"
"13/01/2026;SICREDI;OFERTAS;ENTRADAS;ORDINÁRIO;REALIZADO;Ofertas Regulares;500"
"13/01/2026;SICREDI;PREBENDA BRUTA;SAÍDAS;ORDINÁRIO;REALIZADO;Remuneração Pastoral;-2245.44"
"13/01/2026;SICREDI;SOCIAL;ENTRADAS;EXTRAORDINÁRIO;REALIZADO;Oferta para Apoio Social;100.01"
"13/01/2026;SICREDI;SOCIAL;SAÍDAS;EXTRAORDINÁRIO;REALIZADO;Reembolso de Despesas Márcio = CASA DA CHRIS;-700.04"
"18/01/2026;SICREDI;OFERTAS;ENTRADAS;ORDINÁRIO;REALIZADO;Ofertas Regulares;0.00000001"
"19/01/2026;MPAGO;LOUVOR;SAÍDAS;ORDINÁRIO;REALIZADO;YOUTUBE PREMIUM MENSAL;-26.9"
"19/01/2026;SICREDI;OFERTAS;ENTRADAS;ORDINÁRIO;REALIZADO;Ofertas Regulares;1100"
"20/01/2026;SICREDI;FINANCEIRO;SAÍDAS;ORDINÁRIO;REALIZADO;CESTA SICREDI;-78.36"
"22/01/2026;SICREDI;SOCIAL;SAÍDAS;ORDINÁRIO;REALIZADO;COMPL. DE CESTA BÁSICA - Reemb. Dayana;-76.47"
"23/01/2026;SICREDI;OFERTAS;ENTRADAS;ORDINÁRIO;REALIZADO;Ofertas Regulares;150"
"25/01/2026;SICREDI;OFERTAS;ENTRADAS;ORDINÁRIO;REALIZADO;Ofertas Regulares;140"
"26/01/2026;SICREDI;ALUGUEL;SAÍDAS;ORDINÁRIO;REALIZADO;Aluguel Auditório Hotel Costa Norte;-3825"
"26/01/2026;SICREDI;OFERTAS;ENTRADAS;ORDINÁRIO;REALIZADO;Ofertas Regulares;700"
"29/01/2026;SICREDI;OFERTAS;ENTRADAS;ORDINÁRIO;REALIZADO;Ofertas Regulares;350"
"30/01/2026;AP.MPAGO;FINANCEIRO;ENTRADAS;EXTRAORDINÁRIO;REALIZADO;Rendimento Aplicação;282.19"
"30/01/2026;AP.SICREDI;FINANCEIRO;ENTRADAS;EXTRAORDINÁRIO;REALIZADO;Rendimento Aplicação;1318.27"
"30/01/2026;SICREDI;FINANCEIRO;SAÍDAS;ORDINÁRIO;REALIZADO;Serviços Contabeis;-424.5"
"30/01/2026;SICREDI;OFERTAS;ENTRADAS;ORDINÁRIO;REALIZADO;Ofertas Regulares;600"
"01/02/2026;SICREDI;MISSÕES;SAÍDAS;EXTRAORDINÁRIO;REALIZADO;ALUGUEL AUDITÓRIO - TREINAMENTO SHAREWORD;-400"
"01/02/2026;SICREDI;OFERTAS;ENTRADAS;ORDINÁRIO;REALIZADO;Ofertas Regulares;615.5"
"02/02/2026;SICREDI;INFANTIL;SAÍDAS;ORDINÁRIO;REALIZADO;Aplicativo CheckIn;-79"
"02/02/2026;SICREDI;MISSÕES;SAÍDAS;ORDINÁRIO;REALIZADO;Oferta Missionaria;-100"
"02/02/2026;SICREDI;OFERTAS;ENTRADAS;ORDINÁRIO;REALIZADO;Ofertas Regulares;1230"
"03/02/2026;SICREDI;OFERTAS;ENTRADAS;ORDINÁRIO;REALIZADO;Ofertas Regulares;220"
"04/02/2026;SICREDI;OFERTAS;ENTRADAS;ORDINÁRIO;REALIZADO;Ofertas Regulares;1000"
"06/02/2026;MPAGO;CAMPANHAS;ENTRADAS;EXTRAORDINÁRIO;REALIZADO;Oferta Especial para compra do terreno;3000"
"06/02/2026;MPAGO;MISSÕES;SAÍDAS;EXTRAORDINÁRIO;REALIZADO;Facebook - Impulsionar postagem Instagram;-49.43"
"06/02/2026;MPAGO;MISSÕES;SAÍDAS;EXTRAORDINÁRIO;REALIZADO;Visita Missionário Amauri;-350"
"08/02/2026;SICREDI;OFERTAS;ENTRADAS;ORDINÁRIO;REALIZADO;Ofertas Regulares;20"
"09/02/2026;SICREDI;OFERTAS;ENTRADAS;ORDINÁRIO;REALIZADO;Ofertas Regulares;5880"
"10/02/2026;SICREDI;OFERTAS;ENTRADAS;ORDINÁRIO;REALIZADO;Ofertas Regulares;800"
"10/02/2026;SICREDI;PREBENDA BRUTA;SAÍDAS;ORDINÁRIO;REALIZADO;Remuneração Pastoral;-10297.28"
"13/02/2026;MPAGO;MISSÕES;ENTRADAS;EXTRAORDINÁRIO;REALIZADO;Levantamento de Oferta para Missões;50.02"
"15/02/2026;MPAGO;MISSÕES;ENTRADAS;EXTRAORDINÁRIO;REALIZADO;Levantamento de Oferta para Missões;600.06"
"15/02/2026;SICREDI;OFERTAS;ENTRADAS;ORDINÁRIO;REALIZADO;Ofertas Regulares;700"
"18/02/2026;SICREDI;MISSÕES;ENTRADAS;EXTRAORDINÁRIO;REALIZADO;Levantamento de Oferta para Missões;200.02"
"18/02/2026;SICREDI;OFERTAS;ENTRADAS;ORDINÁRIO;REALIZADO;Ofertas Regulares;870"
"18/02/2026;SICREDI;PREBENDA BRUTA;SAÍDAS;ORDINÁRIO;REALIZADO;Remuneração Pastoral;-2508.62"
"19/02/2026;MPAGO;LOUVOR;SAÍDAS;ORDINÁRIO;REALIZADO;YOUTUBE PREMIUM MENSAL;-26.9"
"20/02/2026;AP.MPAGO;FINANCEIRO;ENTRE CONTAS;ORDINÁRIO;REALIZADO;;6000"
"20/02/2026;MPAGO;FINANCEIRO;ENTRE CONTAS;ORDINÁRIO;REALIZADO;;-6000"
"20/02/2026;MPAGO;MISSÕES;ENTRADAS;EXTRAORDINÁRIO;REALIZADO;Levantamento de Oferta para Missões;500.02"
"20/02/2026;SICREDI;FINANCEIRO;SAÍDAS;ORDINÁRIO;REALIZADO;CESTA SICREDI;-78.36"
"22/02/2026;MPAGO;MISSÕES;ENTRADAS;EXTRAORDINÁRIO;REALIZADO;Levantamento de Oferta para Missões;350.04"
"23/02/2026;MPAGO;FINANCEIRO;ENTRE CONTAS;ORDINÁRIO;REALIZADO;Transferencia de ofertas para missões entre contas;-1100.71"
"23/02/2026;MPAGO;OFERTAS;ENTRADAS;ORDINÁRIO;REALIZADO;Ofertas Regulares;300"
"23/02/2026;SICREDI;ALUGUEL;SAÍDAS;ORDINÁRIO;REALIZADO;Aluguel Auditório Hotel Costa Norte;-3825"
"23/02/2026;SICREDI;FINANCEIRO;ENTRE CONTAS;ORDINÁRIO;REALIZADO;Transferencia de ofertas para missões entre contas;1100.71"
"23/02/2026;SICREDI;FINANCEIRO;SAÍDAS;ORDINÁRIO;REALIZADO;Serviços Contabeis;-424.5"
"23/02/2026;SICREDI;MISSÕES;ENTRADAS;EXTRAORDINÁRIO;REALIZADO;Levantamento de Oferta para Missões;257.02"
"23/02/2026;SICREDI;MISSÕES;SAÍDAS;EXTRAORDINÁRIO;REALIZADO;Shareword Global > Moçambique;-1157.75"
"23/02/2026;SICREDI;OFERTAS;ENTRADAS;ORDINÁRIO;REALIZADO;Ofertas Regulares;2090"
"27/02/2026;SICREDI;OFERTAS;ENTRADAS;ORDINÁRIO;REALIZADO;Ofertas Regulares;400"
"28/02/2026;AP.MPAGO;FINANCEIRO;ENTRADAS;EXTRAORDINÁRIO;REALIZADO;Rendimento Aplicação;283.36"
"28/02/2026;AP.SICREDI;FINANCEIRO;ENTRADAS;EXTRAORDINÁRIO;REALIZADO;Rendimento Aplicação;1141.19"
"02/03/2026;SICREDI;INFANTIL;SAÍDAS;ORDINÁRIO;REALIZADO;Aplicativo CheckIn;-79"
"02/03/2026;SICREDI;MISSÕES;SAÍDAS;ORDINÁRIO;REALIZADO;Oferta Missionaria;-100"
"02/03/2026;SICREDI;OFERTAS;ENTRADAS;ORDINÁRIO;REALIZADO;Ofertas Regulares;1220"
"04/03/2026;SICREDI;OFERTAS;ENTRADAS;ORDINÁRIO;REALIZADO;Ofertas Regulares;542.34"
"05/03/2026;SICREDI;OFERTAS;ENTRADAS;ORDINÁRIO;REALIZADO;Ofertas Regulares;2000"
"06/03/2026;AP.MPAGO;FINANCEIRO;ENTRADAS;EXTRAORDINÁRIO;REALIZADO;Rendimento Aplicação;195"
"06/03/2026;AP.SICREDI;FINANCEIRO;ENTRADAS;EXTRAORDINÁRIO;REALIZADO;Rendimento Aplicação;318.85"
"06/03/2026;MPAGO;CAMPANHAS;ENTRADAS;EXTRAORDINÁRIO;REALIZADO;Oferta Especial para compra do terreno;3000"
"06/03/2026;SICREDI;OFERTAS;ENTRADAS;ORDINÁRIO;REALIZADO;Ofertas Regulares;170"
"07/03/2026;SICREDI;BOAS VINDAS;SAÍDAS;ORDINÁRIO;REALIZADO;CAFÉ SUCO, ETC. (P/ CEIA E CAFÉ);-62.97"
"09/03/2026;SICREDI;OFERTAS;ENTRADAS;ORDINÁRIO;REALIZADO;Ofertas Regulares;5048"
"09/03/2026;SICREDI;SOCIAL;ENTRADAS;EXTRAORDINÁRIO;REALIZADO;Oferta para Apoio Social;50.01"
"09/03/2026;SICREDI;SOCIAL;SAÍDAS;EXTRAORDINÁRIO;REALIZADO;Coroa de Flores - Rui;-350"
"10/03/2026;AP.MPAGO;PROJETOS;ENTRADAS;EXTRAORDINÁRIO;REALIZADO;Campanha Retiro;2052.72"
"10/03/2026;AP.SICREDI;FINANCEIRO;ENTRADAS;EXTRAORDINÁRIO;REALIZADO;Rendimento Aplicação;319.67"
"10/03/2026;MPAGO;PROJETOS;ENTRE CONTAS;EXTRAORDINÁRIO;REALIZADO;Campanha Retiro;0"
"10/03/2026;SICREDI;OFERTAS;ENTRADAS;ORDINÁRIO;REALIZADO;Ofertas Regulares;3250"
"10/03/2026;SICREDI;PREBENDA BRUTA;SAÍDAS;ORDINÁRIO;REALIZADO;Remuneração Pastoral;-10349.42"
"10/03/2026;SICREDI;PROJETOS;ENTRADAS;EXTRAORDINÁRIO;REALIZADO;Campanha Retiro;2052.72"
"10/03/2026;SICREDI;PROJETOS;ENTRE CONTAS;EXTRAORDINÁRIO;REALIZADO;Campanha Retiro;-2052.72"
"13/03/2026;MPAGO;OFERTAS;ENTRADAS;ORDINÁRIO;REALIZADO;Ofertas Regulares;400"
"20/03/2026;AP.MPAGO;FINANCEIRO;ENTRADAS;EXTRAORDINÁRIO;REALIZADO;Rendimento Aplicação;156.16"
"20/03/2026;AP.SICREDI;FINANCEIRO;ENTRADAS;EXTRAORDINÁRIO;REALIZADO;Rendimento Aplicação;444.87"
"20/03/2026;MPAGO;LOUVOR;SAÍDAS;ORDINÁRIO;REALIZADO;YOUTUBE PREMIUM MENSAL;-26.9"
"20/03/2026;SICREDI;FINANCEIRO;SAÍDAS;ORDINÁRIO;REALIZADO;CESTA SICREDI;-78.36"
"20/03/2026;SICREDI;OFERTAS;ENTRADAS;ORDINÁRIO;REALIZADO;Ofertas Regulares;160"
"20/03/2026;SICREDI;PREBENDA BRUTA;SAÍDAS;ORDINÁRIO;REALIZADO;Remuneração Pastoral;-2456.48"
"23/03/2026;SICREDI;OFERTAS;ENTRADAS;ORDINÁRIO;REALIZADO;Ofertas Regulares;1260"
"24/03/2026;SICREDI;ALUGUEL;SAÍDAS;ORDINÁRIO;REALIZADO;Aluguel Auditório Hotel Costa Norte;-3825"
"24/03/2026;SICREDI;OFERTAS;ENTRADAS;ORDINÁRIO;REALIZADO;Ofertas Regulares;1200"
"27/03/2026;SICREDI;OFERTAS;ENTRADAS;ORDINÁRIO;REALIZADO;Ofertas Regulares;550"
"30/03/2026;AP.MPAGO;FINANCEIRO;ENTRADAS;EXTRAORDINÁRIO;REALIZADO;Rendimento Aplicação;55.36"
"30/03/2026;AP.SICREDI;FINANCEIRO;ENTRADAS;EXTRAORDINÁRIO;REALIZADO;Rendimento Aplicação;189.83"
"30/03/2026;SICREDI;FINANCEIRO;SAÍDAS;ORDINÁRIO;REALIZADO;Serviços Contabeis;-424.5"
"30/03/2026;SICREDI;MISSÕES;SAÍDAS;ORDINÁRIO;REALIZADO;Oferta Missionaria;-100"
"30/03/2026;SICREDI;OFERTAS;ENTRADAS;ORDINÁRIO;REALIZADO;Ofertas Regulares;1370"
"31/03/2026;AP.MPAGO;FINANCEIRO;ENTRADAS;EXTRAORDINÁRIO;REALIZADO;Rendimento Aplicação;36.96"
"31/03/2026;AP.SICREDI;FINANCEIRO;ENTRADAS;EXTRAORDINÁRIO;REALIZADO;Rendimento Aplicação;126.73"
"31/03/2026;MPAGO;OFERTAS;ENTRADAS;ORDINÁRIO;REALIZADO;Ofertas Regulares;45.65"
"31/03/2026;SICREDI;OFERTAS;ENTRADAS;ORDINÁRIO;REALIZADO;Ofertas Regulares;1657"
"01/04/2026;MPAGO;OFERTAS;ENTRADAS;ORDINÁRIO;REALIZADO;Ofertas Regulares;300"
"06/04/2026;AP.SICREDI;FINANCEIRO;ENTRADAS;EXTRAORDINÁRIO;REALIZADO;Rendimento Aplicação;126.84"
"06/04/2026;MPAGO;CAMPANHAS;ENTRADAS;EXTRAORDINÁRIO;REALIZADO;Oferta Especial para compra do terreno;3000"
"06/04/2026;SICREDI;INFANTIL;SAÍDAS;ORDINÁRIO;REALIZADO;Aplicativo CheckIn;-79"
"06/04/2026;SICREDI;LOUVOR;SAÍDAS;EXTRAORDINÁRIO;REALIZADO;RODRIGO MATOS = Cantata Pascoa Ajuda de Custo;-350"
"06/04/2026;SICREDI;MISSÕES;SAÍDAS;EXTRAORDINÁRIO;REALIZADO;RODRIGO MATOS = Oferta Adicional;-500"
"06/04/2026;SICREDI;OFERTAS;ENTRADAS;ORDINÁRIO;REALIZADO;Ofertas Regulares;3030"
"07/04/2026;SICREDI;OFERTAS;ENTRADAS;ORDINÁRIO;REALIZADO;Ofertas Regulares;1500"
"07/04/2026;SICREDI;PREBENDA BRUTA;SAÍDAS;ORDINÁRIO;REALIZADO;Remuneração Pastoral;-10698"
"09/04/2026;SICREDI;OFERTAS;ENTRADAS;ORDINÁRIO;REALIZADO;Ofertas Regulares;2300"
"10/04/2026;AP.MPAGO;FINANCEIRO;ENTRADAS;EXTRAORDINÁRIO;REALIZADO;Rendimento Aplicação;111.86"
"10/04/2026;AP.MPAGO;FINANCEIRO;ENTRE CONTAS;ORDINÁRIO;REALIZADO;Campanha Retiro;7267.82"
"10/04/2026;AP.SICREDI;FINANCEIRO;ENTRADAS;EXTRAORDINÁRIO;REALIZADO;Rendimento Aplicação;317.669999999998"
"10/04/2026;MPAGO;FINANCEIRO;ENTRE CONTAS;ORDINÁRIO;REALIZADO;Campanha Retiro;-7267.82"
"10/04/2026;MPAGO;OFERTAS;ENTRADAS;ORDINÁRIO;REALIZADO;Ofertas Regulares;400"
"10/04/2026;SICREDI;OFERTAS;ENTRADAS;ORDINÁRIO;REALIZADO;Ofertas Regulares;700"
"13/04/2026;AP.MPAGO;PROJETOS;ENTRADAS;EXTRAORDINÁRIO;REALIZADO;Campanha Retiro;735"
"13/04/2026;MPAGO;PROJETOS;ENTRE CONTAS;EXTRAORDINÁRIO;REALIZADO;Campanha Retiro;0"
"13/04/2026;SICREDI;OFERTAS;ENTRADAS;ORDINÁRIO;REALIZADO;Ofertas Regulares;1430"
"13/04/2026;SICREDI;PROJETOS;ENTRE CONTAS;EXTRAORDINÁRIO;REALIZADO;Campanha Retiro;-735"
"20/04/2026;AP.MPAGO;FINANCEIRO;ENTRADAS;EXTRAORDINÁRIO;REALIZADO;Rendimento Aplicação;129.47"
"20/04/2026;AP.SICREDI;FINANCEIRO;ENTRADAS;EXTRAORDINÁRIO;REALIZADO;Rendimento Aplicação;318.46"
"20/04/2026;MPAGO;LOUVOR;SAÍDAS;ORDINÁRIO;REALIZADO;YOUTUBE PREMIUM MENSAL;-26.9"
"20/04/2026;SICREDI;FINANCEIRO;SAÍDAS;ORDINÁRIO;REALIZADO;CESTA SICREDI;-78.36"
"20/04/2026;SICREDI;OFERTAS;ENTRADAS;ORDINÁRIO;REALIZADO;Ofertas Regulares;1490"
"20/04/2026;SICREDI;PROJETOS;ENTRE CONTAS;EXTRAORDINÁRIO;REALIZADO;Campanha Retiro;735"
"22/04/2026;SICREDI;OFERTAS;ENTRADAS;ORDINÁRIO;REALIZADO;Ofertas Regulares;350"
"27/04/2026;AP.MPAGO;FINANCEIRO;ENTRADAS;EXTRAORDINÁRIO;REALIZADO;Rendimento Aplicação;155.52"
"27/04/2026;AP.SICREDI;FINANCEIRO;ENTRADAS;EXTRAORDINÁRIO;REALIZADO;Rendimento Aplicação;255.35"
"27/04/2026;SICREDI;ALUGUEL;SAÍDAS;ORDINÁRIO;REALIZADO;Aluguel Auditório Hotel Costa Norte;-3825"
"27/04/2026;SICREDI;FINANCEIRO;SAÍDAS;ORDINÁRIO;REALIZADO;Serviços Contabeis;-424.5"
"27/04/2026;SICREDI;OFERTAS;ENTRADAS;ORDINÁRIO;REALIZADO;Ofertas Regulares;1280"
"29/04/2026;AP.SICREDI;FINANCEIRO;ENTRADAS;EXTRAORDINÁRIO;REALIZADO;Rendimento Aplicação;191.85"
"29/04/2026;SICREDI;OFERTAS;ENTRADAS;ORDINÁRIO;REALIZADO;Ofertas Regulares;600"
"30/04/2026;AP.SICREDI;FINANCEIRO;ENTRADAS;EXTRAORDINÁRIO;REALIZADO;Rendimento Aplicação;62.99"
"30/04/2026;SICREDI;BOAS VINDAS;SAÍDAS;ORDINÁRIO;REALIZADO;CAFÉ SUCO, ETC. (P/ CAFÉ);-144.86"
"30/04/2026;SICREDI;OFERTAS;ENTRADAS;ORDINÁRIO;REALIZADO;Ofertas Regulares;1840"
"04/05/2026;AP.MPAGO;PROJETOS;ENTRADAS;EXTRAORDINÁRIO;REALIZADO;Campanha Retiro;1348"
"04/05/2026;MPAGO;PROJETOS;ENTRE CONTAS;EXTRAORDINÁRIO;REALIZADO;Campanha Retiro;0"
"04/05/2026;MPAGO;SOCIAL;ENTRADAS;EXTRAORDINÁRIO;REALIZADO;Oferta Especial para Apoio Social;683.5"
"04/05/2026;MPAGO;SOCIAL;SAÍDAS;EXTRAORDINÁRIO;REALIZADO;Apoio Social;-683.5"
"04/05/2026;SICREDI;INFANTIL;SAÍDAS;ORDINÁRIO;REALIZADO;Aplicativo CheckIn;-79"
"04/05/2026;SICREDI;MISSÕES;SAÍDAS;ORDINÁRIO;REALIZADO;Oferta Missionaria;-100"
"04/05/2026;SICREDI;OFERTAS;ENTRADAS;ORDINÁRIO;REALIZADO;Ofertas Regulares;600"
"05/05/2026;SICREDI;OFERTAS;ENTRADAS;ORDINÁRIO;REALIZADO;Ofertas Regulares;100"
"06/05/2026;MPAGO;CAMPANHAS;ENTRADAS;EXTRAORDINÁRIO;REALIZADO;Oferta Especial para compra do terreno;3000"
"06/05/2026;SICREDI;OFERTAS;ENTRADAS;ORDINÁRIO;REALIZADO;Ofertas Regulares;300"
"08/05/2026;SICREDI;OFERTAS;ENTRADAS;ORDINÁRIO;REALIZADO;Ofertas Regulares;1000"
"11/05/2026;MPAGO;OFERTAS;ENTRADAS;ORDINÁRIO;REALIZADO;Ofertas Regulares;500"
"11/05/2026;SICREDI;OFERTAS;ENTRADAS;ORDINÁRIO;REALIZADO;Ofertas Regulares;4250"
"11/05/2026;SICREDI;PREBENDA BRUTA;SAÍDAS;ORDINÁRIO;REALIZADO;Remuneração Pastoral;-10698"
"12/05/2026;SICREDI;OFERTAS;ENTRADAS;ORDINÁRIO;REALIZADO;Ofertas Regulares;2400"
"12/05/2026;SICREDI;SOCIAL;SAÍDAS;EXTRAORDINÁRIO;REALIZADO;Moldura para fotos Encontro de Casais;-83"
"13/05/2026;SICREDI;OFERTAS;ENTRADAS;ORDINÁRIO;REALIZADO;Ofertas Regulares;900"
"17/05/2026;MPAGO;MISSÕES;ENTRADAS;EXTRAORDINÁRIO;REALIZADO;MISSOES;600.99"
"17/05/2026;MPAGO;OFERTAS;ENTRADAS;ORDINÁRIO;REALIZADO;Ofertas Regulares;0.97"
"18/05/2026;SICREDI;BOAS VINDAS;SAÍDAS;ORDINÁRIO;REALIZADO;CAFÉ SUCO, ETC. (P/ CEIA E CAFÉ);-144.08"
"18/05/2026;SICREDI;INFANTIL;SAÍDAS;EXTRAORDINÁRIO;REALIZADO;CONTRATADA PARA ATIVIDADES DO INFANTIL;-300"
"18/05/2026;SICREDI;OFERTAS;ENTRADAS;ORDINÁRIO;REALIZADO;Ofertas Regulares;4257.92"
"19/05/2026;MPAGO;LOUVOR;SAÍDAS;ORDINÁRIO;REALIZADO;YOUTUBE PREMIUM MENSAL;-26.9"
"19/05/2026;SICREDI;OFERTAS;ENTRADAS;ORDINÁRIO;REALIZADO;Ofertas Regulares;411.08"
"20/05/2026;AP.MPAGO;CAMPANHAS;SAÍDAS;EXTRAORDINÁRIO;REALIZADO;Limpeza Terreno;-300"
"20/05/2026;SICREDI;FINANCEIRO;SAÍDAS;ORDINÁRIO;REALIZADO;CESTA SICREDI;-78.36"
"26/05/2026;SICREDI;ALUGUEL;SAÍDAS;ORDINÁRIO;REALIZADO;Aluguel Auditório Hotel Costa Norte;-3825"
"26/05/2026;SICREDI;EVENTOS;SAÍDAS;EXTRAORDINÁRIO;REALIZADO;KIT DE MÚSICAS PARA A CATATA DE NATAL 2026;-140"
"31/05/2026;AP.SICREDI;FINANCEIRO;ENTRADAS;EXTRAORDINÁRIO;REALIZADO;Rendimento Aplicação;1266.34"
"31/05/2026;SICREDI;FINANCEIRO;SAÍDAS;ORDINÁRIO;REALIZADO;Serviços Contabeis;-424.5"
"31/05/2026;SICREDI;MISSÕES;ENTRADAS;EXTRAORDINÁRIO;REALIZADO;MISSOES;3358.9"
"31/05/2026;AP.MPAGO;FINANCEIRO;ENTRADAS;EXTRAORDINÁRIO;REALIZADO;Rendimento Aplicação;472.23"
